Date,Game,Team A,Team B,Player,Action,Alternate Player,Alternate Action,Team A Score,Team B Score
08-25-26,1,Ari-Brandon-Cameron-Jean,Carlo-Damon-Juanma-Omeed,Brandon,Miss 3,,,0,0
08-25-26,1,Ari-Brandon-Cameron-Jean,Carlo-Damon-Juanma-Omeed,Jean,Offensive Rebound,,,0,0
08-25-26,1,Ari-Brandon-Cameron-Jean,Carlo-Damon-Juanma-Omeed,Jean,Miss 2,,,0,0
08-25-26,1,Ari-Brandon-Cameron-Jean,Carlo-Damon-Juanma-Omeed,Carlo,Defensive Rebound,,,0,0
08-25-26,1,Ari-Brandon-Cameron-Jean,Carlo-Damon-Juanma-Omeed,Omeed,Miss 2,,,0,0
08-25-26,1,Ari-Brandon-Cameron-Jean,Carlo-Damon-Juanma-Omeed,Ari,Miss 2,,,0,0
08-25-26,1,Ari-Brandon-Cameron-Jean,Carlo-Damon-Juanma-Omeed,Carlo,Defensive Rebound,,,0,0
08-25-26,1,Ari-Brandon-Cameron-Jean,Carlo-Damon-Juanma-Omeed,Damon,Miss 3,Jean,Block,0,0
08-25-26,1,Ari-Brandon-Cameron-Jean,Carlo-Damon-Juanma-Omeed,Damon,Miss 2,,,0,0
08-25-26,1,Ari-Brandon-Cameron-Jean,Carlo-Damon-Juanma-Omeed,Jean,Defensive Rebound,,,0,0
08-25-26,1,Ari-Brandon-Cameron-Jean,Carlo-Damon-Juanma-Omeed,Cameron,Miss 2,Carlo,Block,0,0
08-25-26,1,Ari-Brandon-Cameron-Jean,Carlo-Damon-Juanma-Omeed,Cameron,Offensive Rebound,,,0,0
08-25-26,1,Ari-Brandon-Cameron-Jean,Carlo-Damon-Juanma-Omeed,Brandon,Miss 2,,,0,0
08-25-26,1,Ari-Brandon-Cameron-Jean,Carlo-Damon-Juanma-Omeed,Carlo,Defensive Rebound,,,0,0
08-25-26,1,Ari-Brandon-Cameron-Jean,Carlo-Damon-Juanma-Omeed,Juanma,Miss 2,,,0,0
08-25-26,1,Ari-Brandon-Cameron-Jean,Carlo-Damon-Juanma-Omeed,Damon,Offensive Rebound,,,0,0
08-25-26,1,Ari-Brandon-Cameron-Jean,Carlo-Damon-Juanma-Omeed,Damon,Miss 2,,,0,0
08-25-26,1,Ari-Brandon-Cameron-Jean,Carlo-Damon-Juanma-Omeed,Cameron,Defensive Rebound,,,0,0
08-25-26,1,Ari-Brandon-Cameron-Jean,Carlo-Damon-Juanma-Omeed,Ari,Miss 2,Carlo,Block,0,0
08-25-26,1,Ari-Brandon-Cameron-Jean,Carlo-Damon-Juanma-Omeed,Carlo,Defensive Rebound,,,0,0
08-25-26,1,Ari-Brandon-Cameron-Jean,Carlo-Damon-Juanma-Omeed,Damon,Miss 3,,,0,0
08-25-26,1,Ari-Brandon-Cameron-Jean,Carlo-Damon-Juanma-Omeed,Carlo,Offensive Rebound,,,0,0
08-25-26,1,Ari-Brandon-Cameron-Jean,Carlo-Damon-Juanma-Omeed,Omeed,Miss 3,Jean,Block,0,0
08-25-26,1,Ari-Brandon-Cameron-Jean,Carlo-Damon-Juanma-Omeed,Jean,Defensive Rebound,,,0,0
08-25-26,1,Ari-Brandon-Cameron-Jean,Carlo-Damon-Juanma-Omeed,Ari,Miss 2,,,0,0
08-25-26,1,Ari-Brandon-Cameron-Jean,Carlo-Damon-Juanma-Omeed,Damon,Defensive Rebound,,,0,0
08-25-26,1,Ari-Brandon-Cameron-Jean,Carlo-Damon-Juanma-Omeed,Omeed,Miss 2,,,0,0
08-25-26,1,Ari-Brandon-Cameron-Jean,Carlo-Damon-Juanma-Omeed,Jean,Defensive Rebound,,,0,0
08-25-26,1,Ari-Brandon-Cameron-Jean,Carlo-Damon-Juanma-Omeed,Cameron,Miss 3,,,0,0
08-25-26,1,Ari-Brandon-Cameron-Jean,Carlo-Damon-Juanma-Omeed,Ari,Offensive Rebound,,,0,0
08-25-26,1,Ari-Brandon-Cameron-Jean,Carlo-Damon-Juanma-Omeed,Jean,Miss 3,,,0,0
08-25-26,1,Ari-Brandon-Cameron-Jean,Carlo-Damon-Juanma-Omeed,Brandon,Offensive Rebound,,,0,0
08-25-26,1,Ari-Brandon-Cameron-Jean,Carlo-Damon-Juanma-Omeed,Cameron,Turnover,Omeed,Steal,0,0
08-25-26,1,Ari-Brandon-Cameron-Jean,Carlo-Damon-Juanma-Omeed,Damon,Miss 3,,,0,0
08-25-26,1,Ari-Brandon-Cameron-Jean,Carlo-Damon-Juanma-Omeed,Brandon,Defensive Rebound,,,0,0
08-25-26,1,Ari-Brandon-Cameron-Jean,Carlo-Damon-Juanma-Omeed,Jean,Miss 2,,,0,0
08-25-26,1,Ari-Brandon-Cameron-Jean,Carlo-Damon-Juanma-Omeed,Carlo,Defensive Rebound,,,0,0
08-25-26,1,Ari-Brandon-Cameron-Jean,Carlo-Damon-Juanma-Omeed,Carlo,Miss 3,,,0,0
08-25-26,1,Ari-Brandon-Cameron-Jean,Carlo-Damon-Juanma-Omeed,Cameron,Made 2,,,1,0
08-25-26,1,Ari-Brandon-Cameron-Jean,Carlo-Damon-Juanma-Omeed,Jean,Miss 3,,,1,0
08-25-26,1,Ari-Brandon-Cameron-Jean,Carlo-Damon-Juanma-Omeed,Brandon,Offensive Rebound,,,1,0
08-25-26,1,Ari-Brandon-Cameron-Jean,Carlo-Damon-Juanma-Omeed,Brandon,Turnover,,,1,0
08-25-26,1,Ari-Brandon-Cameron-Jean,Carlo-Damon-Juanma-Omeed,Damon,Miss 3,,,1,0
08-25-26,1,Ari-Brandon-Cameron-Jean,Carlo-Damon-Juanma-Omeed,Jean,Defensive Rebound,,,1,0
08-25-26,1,Ari-Brandon-Cameron-Jean,Carlo-Damon-Juanma-Omeed,Jean,Turnover,Omeed,Steal,1,0
08-25-26,1,Ari-Brandon-Cameron-Jean,Carlo-Damon-Juanma-Omeed,Omeed,Miss 3,,,1,0
08-25-26,1,Ari-Brandon-Cameron-Jean,Carlo-Damon-Juanma-Omeed,Carlo,Offensive Rebound,,,1,0
08-25-26,1,Ari-Brandon-Cameron-Jean,Carlo-Damon-Juanma-Omeed,Omeed,Miss 2,Jean,Block,1,0
08-25-26,1,Ari-Brandon-Cameron-Jean,Carlo-Damon-Juanma-Omeed,Omeed,Offensive Rebound,,,1,0
08-25-26,1,Ari-Brandon-Cameron-Jean,Carlo-Damon-Juanma-Omeed,Omeed,Miss 2,,,1,0
08-25-26,1,Ari-Brandon-Cameron-Jean,Carlo-Damon-Juanma-Omeed,Cameron,Defensive Rebound,,,1,0
08-25-26,1,Ari-Brandon-Cameron-Jean,Carlo-Damon-Juanma-Omeed,Cameron,Turnover,,,1,0
08-25-26,1,Ari-Brandon-Cameron-Jean,Carlo-Damon-Juanma-Omeed,Omeed,Made 3,Damon,Assist,1,2
08-25-26,1,Ari-Brandon-Cameron-Jean,Carlo-Damon-Juanma-Omeed,Damon,Turnover,,,1,2
08-25-26,1,Ari-Brandon-Cameron-Jean,Carlo-Damon-Juanma-Omeed,Cameron,Miss 2,,,1,2
08-25-26,1,Ari-Brandon-Cameron-Jean,Carlo-Damon-Juanma-Omeed,Carlo,Defensive Rebound,,,1,2
08-25-26,1,Ari-Brandon-Cameron-Jean,Carlo-Damon-Juanma-Omeed,Damon,Miss 2,Jean,Block,1,2
08-25-26,1,Ari-Brandon-Cameron-Jean,Carlo-Damon-Juanma-Omeed,Jean,Defensive Rebound,,,1,2
08-25-26,1,Ari-Brandon-Cameron-Jean,Carlo-Damon-Juanma-Omeed,Brandon,Miss 3,,,1,2
08-25-26,1,Ari-Brandon-Cameron-Jean,Carlo-Damon-Juanma-Omeed,Damon,Defensive Rebound,,,1,2
08-25-26,1,Ari-Brandon-Cameron-Jean,Carlo-Damon-Juanma-Omeed,Omeed,Miss 3,,,1,2
08-25-26,1,Ari-Brandon-Cameron-Jean,Carlo-Damon-Juanma-Omeed,Jean,Defensive Rebound,,,1,2
08-25-26,1,Ari-Brandon-Cameron-Jean,Carlo-Damon-Juanma-Omeed,Brandon,Miss 2,,,1,2
08-25-26,1,Ari-Brandon-Cameron-Jean,Carlo-Damon-Juanma-Omeed,Damon,Defensive Rebound,,,1,2
08-25-26,1,Ari-Brandon-Cameron-Jean,Carlo-Damon-Juanma-Omeed,Damon,Miss 3,,,1,2
08-25-26,1,Ari-Brandon-Cameron-Jean,Carlo-Damon-Juanma-Omeed,Jean,Defensive Rebound,,,1,2
08-25-26,1,Ari-Brandon-Cameron-Jean,Carlo-Damon-Juanma-Omeed,Ari,Made 2,Cameron,Assist,2,2
08-25-26,1,Ari-Brandon-Cameron-Jean,Carlo-Damon-Juanma-Omeed,Jean,Miss 3,,,2,2
08-25-26,1,Ari-Brandon-Cameron-Jean,Carlo-Damon-Juanma-Omeed,Carlo,Miss 2,,,2,2
08-25-26,1,Ari-Brandon-Cameron-Jean,Carlo-Damon-Juanma-Omeed,Brandon,Defensive Rebound,,,2,2
08-25-26,1,Ari-Brandon-Cameron-Jean,Carlo-Damon-Juanma-Omeed,Cameron,Miss 3,,,2,2
08-25-26,1,Ari-Brandon-Cameron-Jean,Carlo-Damon-Juanma-Omeed,Jean,Offensive Rebound,,,2,2
08-25-26,1,Ari-Brandon-Cameron-Jean,Carlo-Damon-Juanma-Omeed,Jean,Made 2,,,3,2
08-25-26,1,Ari-Brandon-Cameron-Jean,Carlo-Damon-Juanma-Omeed,Ari,Miss 2,,,3,2
08-25-26,1,Ari-Brandon-Cameron-Jean,Carlo-Damon-Juanma-Omeed,Cameron,Offensive Rebound,,,3,2
08-25-26,1,Ari-Brandon-Cameron-Jean,Carlo-Damon-Juanma-Omeed,Cameron,Miss 2,,,3,2
08-25-26,1,Ari-Brandon-Cameron-Jean,Carlo-Damon-Juanma-Omeed,Damon,Defensive Rebound,,,3,2
08-25-26,1,Ari-Brandon-Cameron-Jean,Carlo-Damon-Juanma-Omeed,Omeed,Miss 3,,,3,2
08-25-26,1,Ari-Brandon-Cameron-Jean,Carlo-Damon-Juanma-Omeed,Carlo,Offensive Rebound,,,3,2
08-25-26,1,Ari-Brandon-Cameron-Jean,Carlo-Damon-Juanma-Omeed,Carlo,Miss 2,,,3,2
08-25-26,1,Ari-Brandon-Cameron-Jean,Carlo-Damon-Juanma-Omeed,Carlo,Offensive Rebound,,,3,2
08-25-26,1,Ari-Brandon-Cameron-Jean,Carlo-Damon-Juanma-Omeed,Damon,Miss 3,,,3,2
08-25-26,1,Ari-Brandon-Cameron-Jean,Carlo-Damon-Juanma-Omeed,Jean,Made 2,,,4,2
08-25-26,1,Ari-Brandon-Cameron-Jean,Carlo-Damon-Juanma-Omeed,Jean,Made 3,,,6,2
08-25-26,1,Ari-Brandon-Cameron-Jean,Carlo-Damon-Juanma-Omeed,Ari,Miss 2,,,6,2
08-25-26,1,Ari-Brandon-Cameron-Jean,Carlo-Damon-Juanma-Omeed,Juanma,Defensive Rebound,,,6,2
08-25-26,1,Ari-Brandon-Cameron-Jean,Carlo-Damon-Juanma-Omeed,Damon,Miss 2,,,6,2
08-25-26,1,Ari-Brandon-Cameron-Jean,Carlo-Damon-Juanma-Omeed,Ari,Defensive Rebound,,,6,2
08-25-26,1,Ari-Brandon-Cameron-Jean,Carlo-Damon-Juanma-Omeed,Cameron,Made 3,Jean,Assist,8,2
08-25-26,1,Ari-Brandon-Cameron-Jean,Carlo-Damon-Juanma-Omeed,Jean,Miss 2,,,8,2
08-25-26,1,Ari-Brandon-Cameron-Jean,Carlo-Damon-Juanma-Omeed,Juanma,Defensive Rebound,,,8,2
08-25-26,1,Ari-Brandon-Cameron-Jean,Carlo-Damon-Juanma-Omeed,Omeed,Miss 3,,,8,2
08-25-26,1,Ari-Brandon-Cameron-Jean,Carlo-Damon-Juanma-Omeed,Carlo,Offensive Rebound,,,8,2
08-25-26,1,Ari-Brandon-Cameron-Jean,Carlo-Damon-Juanma-Omeed,Carlo,Miss 2,,,8,2
08-25-26,1,Ari-Brandon-Cameron-Jean,Carlo-Damon-Juanma-Omeed,Brandon,Defensive Rebound,,,8,2
08-25-26,1,Ari-Brandon-Cameron-Jean,Carlo-Damon-Juanma-Omeed,Brandon,Miss 3,,,8,2
08-25-26,1,Ari-Brandon-Cameron-Jean,Carlo-Damon-Juanma-Omeed,Omeed,Defensive Rebound,,,8,2
08-25-26,1,Ari-Brandon-Cameron-Jean,Carlo-Damon-Juanma-Omeed,Omeed,Miss 3,Jean,Block,8,2
08-25-26,1,Ari-Brandon-Cameron-Jean,Carlo-Damon-Juanma-Omeed,Cameron,Defensive Rebound,,,8,2
08-25-26,1,Ari-Brandon-Cameron-Jean,Carlo-Damon-Juanma-Omeed,Ari,Miss 2,,,8,2
08-25-26,1,Ari-Brandon-Cameron-Jean,Carlo-Damon-Juanma-Omeed,Carlo,Defensive Rebound,,,8,2
08-25-26,1,Ari-Brandon-Cameron-Jean,Carlo-Damon-Juanma-Omeed,Carlo,Miss 3,,,8,2
08-25-26,1,Ari-Brandon-Cameron-Jean,Carlo-Damon-Juanma-Omeed,Jean,Defensive Rebound,,,8,2
08-25-26,1,Ari-Brandon-Cameron-Jean,Carlo-Damon-Juanma-Omeed,Jean,Miss 2,,,8,2
08-25-26,1,Ari-Brandon-Cameron-Jean,Carlo-Damon-Juanma-Omeed,Juanma,Defensive Rebound,,,8,2
08-25-26,1,Ari-Brandon-Cameron-Jean,Carlo-Damon-Juanma-Omeed,Damon,Miss 3,,,8,2
08-25-26,1,Ari-Brandon-Cameron-Jean,Carlo-Damon-Juanma-Omeed,Jean,Defensive Rebound,,,8,2
08-25-26,1,Ari-Brandon-Cameron-Jean,Carlo-Damon-Juanma-Omeed,Ari,Miss 3,,,8,2
08-25-26,1,Ari-Brandon-Cameron-Jean,Carlo-Damon-Juanma-Omeed,Carlo,Made 2,Juanma,Assist,8,3
08-25-26,1,Ari-Brandon-Cameron-Jean,Carlo-Damon-Juanma-Omeed,Carlo,Miss 3,,,8,3
08-25-26,1,Ari-Brandon-Cameron-Jean,Carlo-Damon-Juanma-Omeed,Cameron,Defensive Rebound,,,8,3
08-25-26,1,Ari-Brandon-Cameron-Jean,Carlo-Damon-Juanma-Omeed,Brandon,Miss 2,Carlo,Block,8,3
08-25-26,1,Ari-Brandon-Cameron-Jean,Carlo-Damon-Juanma-Omeed,Juanma,Defensive Rebound,,,8,3
08-25-26,1,Ari-Brandon-Cameron-Jean,Carlo-Damon-Juanma-Omeed,Omeed,Made 2,Juanma,Assist,8,4
08-25-26,1,Ari-Brandon-Cameron-Jean,Carlo-Damon-Juanma-Omeed,Omeed,Miss 3,,,8,4
08-25-26,1,Ari-Brandon-Cameron-Jean,Carlo-Damon-Juanma-Omeed,Damon,Offensive Rebound,,,8,4
08-25-26,1,Ari-Brandon-Cameron-Jean,Carlo-Damon-Juanma-Omeed,Damon,Miss 3,Jean,Block,8,4
08-25-26,1,Ari-Brandon-Cameron-Jean,Carlo-Damon-Juanma-Omeed,Carlo,Offensive Rebound,,,8,4
08-25-26,1,Ari-Brandon-Cameron-Jean,Carlo-Damon-Juanma-Omeed,Juanma,Miss 2,,,8,4
08-25-26,1,Ari-Brandon-Cameron-Jean,Carlo-Damon-Juanma-Omeed,Brandon,Defensive Rebound,,,8,4
08-25-26,1,Ari-Brandon-Cameron-Jean,Carlo-Damon-Juanma-Omeed,Jean,Made 2,Ari,Assist,9,4
08-25-26,1,Ari-Brandon-Cameron-Jean,Carlo-Damon-Juanma-Omeed,,Team A Win,,,9,4
08-25-26,2,Ari-Brandon-Cameron-Jean,Carlo-Damon-Javis-Ryan,Jean,Turnover,Javis,Steal,0,0
08-25-26,2,Ari-Brandon-Cameron-Jean,Carlo-Damon-Javis-Ryan,Damon,Miss 2,,,0,0
08-25-26,2,Ari-Brandon-Cameron-Jean,Carlo-Damon-Javis-Ryan,Brandon,Defensive Rebound,,,0,0
08-25-26,2,Ari-Brandon-Cameron-Jean,Carlo-Damon-Javis-Ryan,Ari,Made 3,Brandon,Assist,2,0
08-25-26,2,Ari-Brandon-Cameron-Jean,Carlo-Damon-Javis-Ryan,Ari,Made 2,Cameron,Assist,3,0
08-25-26,2,Ari-Brandon-Cameron-Jean,Carlo-Damon-Javis-Ryan,Cameron,Miss 3,,,3,0
08-25-26,2,Ari-Brandon-Cameron-Jean,Carlo-Damon-Javis-Ryan,Carlo,Defensive Rebound,,,3,0
08-25-26,2,Ari-Brandon-Cameron-Jean,Carlo-Damon-Javis-Ryan,Carlo,Miss 3,,,3,0
08-25-26,2,Ari-Brandon-Cameron-Jean,Carlo-Damon-Javis-Ryan,Ryan,Offensive Rebound,,,3,0
08-25-26,2,Ari-Brandon-Cameron-Jean,Carlo-Damon-Javis-Ryan,Ryan,Turnover,,,3,0
08-25-26,2,Ari-Brandon-Cameron-Jean,Carlo-Damon-Javis-Ryan,Jean,Made 2,,,4,0
08-25-26,2,Ari-Brandon-Cameron-Jean,Carlo-Damon-Javis-Ryan,Brandon,Miss 3,,,4,0
08-25-26,2,Ari-Brandon-Cameron-Jean,Carlo-Damon-Javis-Ryan,Damon,Defensive Rebound,,,4,0
08-25-26,2,Ari-Brandon-Cameron-Jean,Carlo-Damon-Javis-Ryan,Damon,Miss 3,,,4,0
08-25-26,2,Ari-Brandon-Cameron-Jean,Carlo-Damon-Javis-Ryan,Cameron,Defensive Rebound,,,4,0
08-25-26,2,Ari-Brandon-Cameron-Jean,Carlo-Damon-Javis-Ryan,Jean,Miss 3,,,4,0
08-25-26,2,Ari-Brandon-Cameron-Jean,Carlo-Damon-Javis-Ryan,Ryan,Defensive Rebound,,,4,0
08-25-26,2,Ari-Brandon-Cameron-Jean,Carlo-Damon-Javis-Ryan,Ryan,Turnover,Jean,Steal,4,0
08-25-26,2,Ari-Brandon-Cameron-Jean,Carlo-Damon-Javis-Ryan,Ari,Miss 2,,,4,0
08-25-26,2,Ari-Brandon-Cameron-Jean,Carlo-Damon-Javis-Ryan,Damon,Defensive Rebound,,,4,0
08-25-26,2,Ari-Brandon-Cameron-Jean,Carlo-Damon-Javis-Ryan,Damon,Miss 3,,,4,0
08-25-26,2,Ari-Brandon-Cameron-Jean,Carlo-Damon-Javis-Ryan,Ari,Made 2,Jean,Assist,5,0
08-25-26,2,Ari-Brandon-Cameron-Jean,Carlo-Damon-Javis-Ryan,Jean,Turnover,,,5,0
08-25-26,2,Ari-Brandon-Cameron-Jean,Carlo-Damon-Javis-Ryan,Javis,Turnover,Cameron,Steal,5,0
08-25-26,2,Ari-Brandon-Cameron-Jean,Carlo-Damon-Javis-Ryan,Brandon,Miss 2,,,5,0
08-25-26,2,Ari-Brandon-Cameron-Jean,Carlo-Damon-Javis-Ryan,Carlo,Defensive Rebound,,,5,0
08-25-26,2,Ari-Brandon-Cameron-Jean,Carlo-Damon-Javis-Ryan,Carlo,Miss 2,,,5,0
08-25-26,2,Ari-Brandon-Cameron-Jean,Carlo-Damon-Javis-Ryan,Carlo,Offensive Rebound,,,5,0
08-25-26,2,Ari-Brandon-Cameron-Jean,Carlo-Damon-Javis-Ryan,Carlo,Miss 2,,,5,0
08-25-26,2,Ari-Brandon-Cameron-Jean,Carlo-Damon-Javis-Ryan,Damon,Offensive Rebound,,,5,0
08-25-26,2,Ari-Brandon-Cameron-Jean,Carlo-Damon-Javis-Ryan,Damon,Made 3,Javis,Assist,5,2
08-25-26,2,Ari-Brandon-Cameron-Jean,Carlo-Damon-Javis-Ryan,Damon,Made 3,Ryan,Assist,5,4
08-25-26,2,Ari-Brandon-Cameron-Jean,Carlo-Damon-Javis-Ryan,Damon,Made 2,Ryan,Assist,5,5
08-25-26,2,Ari-Brandon-Cameron-Jean,Carlo-Damon-Javis-Ryan,Damon,Miss 3,,,5,5
08-25-26,2,Ari-Brandon-Cameron-Jean,Carlo-Damon-Javis-Ryan,Jean,Made 2,Ari,Assist,6,5
08-25-26,2,Ari-Brandon-Cameron-Jean,Carlo-Damon-Javis-Ryan,Brandon,Miss 3,,,6,5
08-25-26,2,Ari-Brandon-Cameron-Jean,Carlo-Damon-Javis-Ryan,Ari,Offensive Rebound,,,6,5
08-25-26,2,Ari-Brandon-Cameron-Jean,Carlo-Damon-Javis-Ryan,Ari,Made 2,,,7,5
08-25-26,2,Ari-Brandon-Cameron-Jean,Carlo-Damon-Javis-Ryan,Jean,Miss 3,,,7,5
08-25-26,2,Ari-Brandon-Cameron-Jean,Carlo-Damon-Javis-Ryan,Carlo,Miss 3,,,7,5
08-25-26,2,Ari-Brandon-Cameron-Jean,Carlo-Damon-Javis-Ryan,Cameron,Defensive Rebound,,,7,5
08-25-26,2,Ari-Brandon-Cameron-Jean,Carlo-Damon-Javis-Ryan,Brandon,Miss 2,,,7,5
08-25-26,2,Ari-Brandon-Cameron-Jean,Carlo-Damon-Javis-Ryan,Damon,Defensive Rebound,,,7,5
08-25-26,2,Ari-Brandon-Cameron-Jean,Carlo-Damon-Javis-Ryan,Javis,Miss 2,,,7,5
08-25-26,2,Ari-Brandon-Cameron-Jean,Carlo-Damon-Javis-Ryan,Ari,Miss 2,,,7,5
08-25-26,2,Ari-Brandon-Cameron-Jean,Carlo-Damon-Javis-Ryan,Ryan,Defensive Rebound,,,7,5
08-25-26,2,Ari-Brandon-Cameron-Jean,Carlo-Damon-Javis-Ryan,Damon,Miss 3,,,7,5
08-25-26,2,Ari-Brandon-Cameron-Jean,Carlo-Damon-Javis-Ryan,Ari,Defensive Rebound,,,7,5
08-25-26,2,Ari-Brandon-Cameron-Jean,Carlo-Damon-Javis-Ryan,Brandon,Miss 3,,,7,5
08-25-26,2,Ari-Brandon-Cameron-Jean,Carlo-Damon-Javis-Ryan,Ryan,Miss 2,,,7,5
08-25-26,2,Ari-Brandon-Cameron-Jean,Carlo-Damon-Javis-Ryan,Damon,Miss 3,,,7,5
08-25-26,2,Ari-Brandon-Cameron-Jean,Carlo-Damon-Javis-Ryan,Ari,Miss 2,,,7,5
08-25-26,2,Ari-Brandon-Cameron-Jean,Carlo-Damon-Javis-Ryan,Ryan,Defensive Rebound,,,7,5
08-25-26,2,Ari-Brandon-Cameron-Jean,Carlo-Damon-Javis-Ryan,Javis,Miss 2,,,7,5
08-25-26,2,Ari-Brandon-Cameron-Jean,Carlo-Damon-Javis-Ryan,Cameron,Defensive Rebound,,,7,5
08-25-26,2,Ari-Brandon-Cameron-Jean,Carlo-Damon-Javis-Ryan,Cameron,Miss 3,,,7,5
08-25-26,2,Ari-Brandon-Cameron-Jean,Carlo-Damon-Javis-Ryan,Damon,Miss 2,,,7,5
08-25-26,2,Ari-Brandon-Cameron-Jean,Carlo-Damon-Javis-Ryan,Damon,Offensive Rebound,,,7,5
08-25-26,2,Ari-Brandon-Cameron-Jean,Carlo-Damon-Javis-Ryan,Damon,Miss 2,,,7,5
08-25-26,2,Ari-Brandon-Cameron-Jean,Carlo-Damon-Javis-Ryan,Carlo,Offensive Rebound,,,7,5
08-25-26,2,Ari-Brandon-Cameron-Jean,Carlo-Damon-Javis-Ryan,Damon,Miss 3,,,7,5
08-25-26,2,Ari-Brandon-Cameron-Jean,Carlo-Damon-Javis-Ryan,Jean,Miss 2,,,7,5
08-25-26,2,Ari-Brandon-Cameron-Jean,Carlo-Damon-Javis-Ryan,Javis,Miss 2,,,7,5
08-25-26,2,Ari-Brandon-Cameron-Jean,Carlo-Damon-Javis-Ryan,Brandon,Defensive Rebound,,,7,5
08-25-26,2,Ari-Brandon-Cameron-Jean,Carlo-Damon-Javis-Ryan,Cameron,Miss 3,,,7,5
08-25-26,2,Ari-Brandon-Cameron-Jean,Carlo-Damon-Javis-Ryan,Ryan,Defensive Rebound,,,7,5
08-25-26,2,Ari-Brandon-Cameron-Jean,Carlo-Damon-Javis-Ryan,Ryan,Miss 3,,,7,5
08-25-26,2,Ari-Brandon-Cameron-Jean,Carlo-Damon-Javis-Ryan,Carlo,Defensive Rebound,,,7,5
08-25-26,2,Ari-Brandon-Cameron-Jean,Carlo-Damon-Javis-Ryan,Carlo,Miss 2,Ari,Block,7,5
08-25-26,2,Ari-Brandon-Cameron-Jean,Carlo-Damon-Javis-Ryan,Carlo,Offensive Rebound,,,7,5
08-25-26,2,Ari-Brandon-Cameron-Jean,Carlo-Damon-Javis-Ryan,Carlo,Made 2,,,7,6
08-25-26,2,Ari-Brandon-Cameron-Jean,Carlo-Damon-Javis-Ryan,Javis,Turnover,Ari,Steal,7,6
08-25-26,2,Ari-Brandon-Cameron-Jean,Carlo-Damon-Javis-Ryan,Jean,Miss 3,,,7,6
08-25-26,2,Ari-Brandon-Cameron-Jean,Carlo-Damon-Javis-Ryan,Carlo,Defensive Rebound,,,7,6
08-25-26,2,Ari-Brandon-Cameron-Jean,Carlo-Damon-Javis-Ryan,Carlo,Miss 3,,,7,6
08-25-26,2,Ari-Brandon-Cameron-Jean,Carlo-Damon-Javis-Ryan,Jean,Defensive Rebound,,,7,6
08-25-26,2,Ari-Brandon-Cameron-Jean,Carlo-Damon-Javis-Ryan,Brandon,Made 3,Cameron,Assist,9,6
08-25-26,2,Ari-Brandon-Cameron-Jean,Carlo-Damon-Javis-Ryan,,Team A Win,,,9,6
08-25-26,3,Ari-Brandon-Cameron-Jean,Javis-Juanma-Omeed-Ryan,Ari,Made 3,Cameron,Assist,2,0
08-25-26,3,Ari-Brandon-Cameron-Jean,Javis-Juanma-Omeed-Ryan,Ari,Miss 3,,,2,0
08-25-26,3,Ari-Brandon-Cameron-Jean,Javis-Juanma-Omeed-Ryan,Ryan,Defensive Rebound,,,2,0
08-25-26,3,Ari-Brandon-Cameron-Jean,Javis-Juanma-Omeed-Ryan,Omeed,Made 3,Ryan,Assist,2,2
08-25-26,3,Ari-Brandon-Cameron-Jean,Javis-Juanma-Omeed-Ryan,Javis,Miss 2,,,2,2
08-25-26,3,Ari-Brandon-Cameron-Jean,Javis-Juanma-Omeed-Ryan,Jean,Defensive Rebound,,,2,2
08-25-26,3,Ari-Brandon-Cameron-Jean,Javis-Juanma-Omeed-Ryan,Cameron,Turnover,Juanma,Steal,2,2
08-25-26,3,Ari-Brandon-Cameron-Jean,Javis-Juanma-Omeed-Ryan,Omeed,Turnover,Brandon,Steal,2,2
08-25-26,3,Ari-Brandon-Cameron-Jean,Javis-Juanma-Omeed-Ryan,Brandon,Made 2,Cameron,Assist,3,2
08-25-26,3,Ari-Brandon-Cameron-Jean,Javis-Juanma-Omeed-Ryan,Brandon,Miss 2,,,3,2
08-25-26,3,Ari-Brandon-Cameron-Jean,Javis-Juanma-Omeed-Ryan,Brandon,Offensive Rebound,,,3,2
08-25-26,3,Ari-Brandon-Cameron-Jean,Javis-Juanma-Omeed-Ryan,Brandon,Made 2,,,4,2
08-25-26,3,Ari-Brandon-Cameron-Jean,Javis-Juanma-Omeed-Ryan,Brandon,Miss 3,,,4,2
08-25-26,3,Ari-Brandon-Cameron-Jean,Javis-Juanma-Omeed-Ryan,Juanma,Defensive Rebound,,,4,2
08-25-26,3,Ari-Brandon-Cameron-Jean,Javis-Juanma-Omeed-Ryan,Ryan,Miss 2,,,4,2
08-25-26,3,Ari-Brandon-Cameron-Jean,Javis-Juanma-Omeed-Ryan,Omeed,Offensive Rebound,,,4,2
08-25-26,3,Ari-Brandon-Cameron-Jean,Javis-Juanma-Omeed-Ryan,Omeed,Turnover,Jean,Steal,4,2
08-25-26,3,Ari-Brandon-Cameron-Jean,Javis-Juanma-Omeed-Ryan,Jean,Miss 2,,,4,2
08-25-26,3,Ari-Brandon-Cameron-Jean,Javis-Juanma-Omeed-Ryan,Jean,Offensive Rebound,,,4,2
08-25-26,3,Ari-Brandon-Cameron-Jean,Javis-Juanma-Omeed-Ryan,Jean,Miss 2,,,4,2
08-25-26,3,Ari-Brandon-Cameron-Jean,Javis-Juanma-Omeed-Ryan,Javis,Defensive Rebound,,,4,2
08-25-26,3,Ari-Brandon-Cameron-Jean,Javis-Juanma-Omeed-Ryan,Omeed,Miss 3,,,4,2
08-25-26,3,Ari-Brandon-Cameron-Jean,Javis-Juanma-Omeed-Ryan,Cameron,Defensive Rebound,,,4,2
08-25-26,3,Ari-Brandon-Cameron-Jean,Javis-Juanma-Omeed-Ryan,Jean,Miss 3,,,4,2
08-25-26,3,Ari-Brandon-Cameron-Jean,Javis-Juanma-Omeed-Ryan,Juanma,Defensive Rebound,,,4,2
08-25-26,3,Ari-Brandon-Cameron-Jean,Javis-Juanma-Omeed-Ryan,Omeed,Miss 3,,,4,2
08-25-26,3,Ari-Brandon-Cameron-Jean,Javis-Juanma-Omeed-Ryan,Brandon,Defensive Rebound,,,4,2
08-25-26,3,Ari-Brandon-Cameron-Jean,Javis-Juanma-Omeed-Ryan,Brandon,Miss 2,,,4,2
08-25-26,3,Ari-Brandon-Cameron-Jean,Javis-Juanma-Omeed-Ryan,Brandon,Offensive Rebound,,,4,2
08-25-26,3,Ari-Brandon-Cameron-Jean,Javis-Juanma-Omeed-Ryan,Cameron,Turnover,Omeed,Steal,4,2
08-25-26,3,Ari-Brandon-Cameron-Jean,Javis-Juanma-Omeed-Ryan,Juanma,Made 2,Omeed,Assist,4,3
08-25-26,3,Ari-Brandon-Cameron-Jean,Javis-Juanma-Omeed-Ryan,Juanma,Miss 3,,,4,3
08-25-26,3,Ari-Brandon-Cameron-Jean,Javis-Juanma-Omeed-Ryan,Ryan,Offensive Rebound,,,4,3
08-25-26,3,Ari-Brandon-Cameron-Jean,Javis-Juanma-Omeed-Ryan,Omeed,Turnover,Ari,Steal,4,3
08-25-26,3,Ari-Brandon-Cameron-Jean,Javis-Juanma-Omeed-Ryan,Jean,Turnover,Juanma,Steal,4,3
08-25-26,3,Ari-Brandon-Cameron-Jean,Javis-Juanma-Omeed-Ryan,Ryan,Miss 2,,,4,3
08-25-26,3,Ari-Brandon-Cameron-Jean,Javis-Juanma-Omeed-Ryan,Javis,Offensive Rebound,,,4,3
08-25-26,3,Ari-Brandon-Cameron-Jean,Javis-Juanma-Omeed-Ryan,Omeed,Made 3,Juanma,Assist,4,5
08-25-26,3,Ari-Brandon-Cameron-Jean,Javis-Juanma-Omeed-Ryan,Juanma,Turnover,,,4,5
08-25-26,3,Ari-Brandon-Cameron-Jean,Javis-Juanma-Omeed-Ryan,Cameron,Made 2,Jean,Assist,5,5
08-25-26,3,Ari-Brandon-Cameron-Jean,Javis-Juanma-Omeed-Ryan,Jean,Miss 3,,,5,5
08-25-26,3,Ari-Brandon-Cameron-Jean,Javis-Juanma-Omeed-Ryan,Omeed,Defensive Rebound,,,5,5
08-25-26,3,Ari-Brandon-Cameron-Jean,Javis-Juanma-Omeed-Ryan,Omeed,Miss 3,,,5,5
08-25-26,3,Ari-Brandon-Cameron-Jean,Javis-Juanma-Omeed-Ryan,Cameron,Defensive Rebound,,,5,5
08-25-26,3,Ari-Brandon-Cameron-Jean,Javis-Juanma-Omeed-Ryan,Ari,Made 2,Cameron,Assist,6,5
08-25-26,3,Ari-Brandon-Cameron-Jean,Javis-Juanma-Omeed-Ryan,Cameron,Made 2,,,7,5
08-25-26,3,Ari-Brandon-Cameron-Jean,Javis-Juanma-Omeed-Ryan,Jean,Miss 2,,,7,5
08-25-26,3,Ari-Brandon-Cameron-Jean,Javis-Juanma-Omeed-Ryan,Jean,Offensive Rebound,,,7,5
08-25-26,3,Ari-Brandon-Cameron-Jean,Javis-Juanma-Omeed-Ryan,Jean,Miss 2,,,7,5
08-25-26,3,Ari-Brandon-Cameron-Jean,Javis-Juanma-Omeed-Ryan,Brandon,Offensive Rebound,,,7,5
08-25-26,3,Ari-Brandon-Cameron-Jean,Javis-Juanma-Omeed-Ryan,Brandon,Miss 2,,,7,5
08-25-26,3,Ari-Brandon-Cameron-Jean,Javis-Juanma-Omeed-Ryan,Juanma,Miss 2,,,7,5
08-25-26,3,Ari-Brandon-Cameron-Jean,Javis-Juanma-Omeed-Ryan,Ari,Defensive Rebound,,,7,5
08-25-26,3,Ari-Brandon-Cameron-Jean,Javis-Juanma-Omeed-Ryan,Ari,Made 2,Jean,Assist,8,5
08-25-26,3,Ari-Brandon-Cameron-Jean,Javis-Juanma-Omeed-Ryan,Ari,Miss 3,,,8,5
08-25-26,3,Ari-Brandon-Cameron-Jean,Javis-Juanma-Omeed-Ryan,Juanma,Defensive Rebound,,,8,5
08-25-26,3,Ari-Brandon-Cameron-Jean,Javis-Juanma-Omeed-Ryan,Ryan,Miss 2,,,8,5
08-25-26,3,Ari-Brandon-Cameron-Jean,Javis-Juanma-Omeed-Ryan,Cameron,Defensive Rebound,,,8,5
08-25-26,3,Ari-Brandon-Cameron-Jean,Javis-Juanma-Omeed-Ryan,Ari,Made 2,Cameron,Assist,9,5
08-25-26,3,Ari-Brandon-Cameron-Jean,Javis-Juanma-Omeed-Ryan,,Team A Win,,,9,5
08-25-26,4,Ari-Brandon-Cameron-Jean,Carlo-Damon-Juanma-Omeed,Brandon,Made 3,,,2,0
08-25-26,4,Ari-Brandon-Cameron-Jean,Carlo-Damon-Juanma-Omeed,Brandon,Miss 3,,,2,0
08-25-26,4,Ari-Brandon-Cameron-Jean,Carlo-Damon-Juanma-Omeed,Omeed,Made 2,Juanma,Assist,2,1
08-25-26,4,Ari-Brandon-Cameron-Jean,Carlo-Damon-Juanma-Omeed,Omeed,Miss 3,,,2,1
08-25-26,4,Ari-Brandon-Cameron-Jean,Carlo-Damon-Juanma-Omeed,Jean,Defensive Rebound,,,2,1
08-25-26,4,Ari-Brandon-Cameron-Jean,Carlo-Damon-Juanma-Omeed,Ari,Miss 2,,,2,1
08-25-26,4,Ari-Brandon-Cameron-Jean,Carlo-Damon-Juanma-Omeed,Juanma,Defensive Rebound,,,2,1
08-25-26,4,Ari-Brandon-Cameron-Jean,Carlo-Damon-Juanma-Omeed,Juanma,Made 2,Omeed,Assist,2,2
08-25-26,4,Ari-Brandon-Cameron-Jean,Carlo-Damon-Juanma-Omeed,Damon,Made 3,,,2,4
08-25-26,4,Ari-Brandon-Cameron-Jean,Carlo-Damon-Juanma-Omeed,Carlo,Miss 3,,,2,4
08-25-26,4,Ari-Brandon-Cameron-Jean,Carlo-Damon-Juanma-Omeed,Jean,Defensive Rebound,,,2,4
08-25-26,4,Ari-Brandon-Cameron-Jean,Carlo-Damon-Juanma-Omeed,Jean,Turnover,Carlo,Steal,2,4
08-25-26,4,Ari-Brandon-Cameron-Jean,Carlo-Damon-Juanma-Omeed,Damon,Made 3,,,2,6
08-25-26,4,Ari-Brandon-Cameron-Jean,Carlo-Damon-Juanma-Omeed,Damon,Miss 2,,,2,6
08-25-26,4,Ari-Brandon-Cameron-Jean,Carlo-Damon-Juanma-Omeed,Jean,Defensive Rebound,,,2,6
08-25-26,4,Ari-Brandon-Cameron-Jean,Carlo-Damon-Juanma-Omeed,Jean,Made 2,,,3,6
08-25-26,4,Ari-Brandon-Cameron-Jean,Carlo-Damon-Juanma-Omeed,Ari,Turnover,Damon,Steal,3,6
08-25-26,4,Ari-Brandon-Cameron-Jean,Carlo-Damon-Juanma-Omeed,Damon,Made 2,,,3,7
08-25-26,4,Ari-Brandon-Cameron-Jean,Carlo-Damon-Juanma-Omeed,Damon,Miss 3,,,3,7
08-25-26,4,Ari-Brandon-Cameron-Jean,Carlo-Damon-Juanma-Omeed,Ari,Defensive Rebound,,,3,7
08-25-26,4,Ari-Brandon-Cameron-Jean,Carlo-Damon-Juanma-Omeed,Brandon,Miss 3,,,3,7
08-25-26,4,Ari-Brandon-Cameron-Jean,Carlo-Damon-Juanma-Omeed,Carlo,Defensive Rebound,,,3,7
08-25-26,4,Ari-Brandon-Cameron-Jean,Carlo-Damon-Juanma-Omeed,Juanma,Miss 3,,,3,7
08-25-26,4,Ari-Brandon-Cameron-Jean,Carlo-Damon-Juanma-Omeed,Jean,Defensive Rebound,,,3,7
08-25-26,4,Ari-Brandon-Cameron-Jean,Carlo-Damon-Juanma-Omeed,Jean,Made 2,Brandon,Assist,4,7
08-25-26,4,Ari-Brandon-Cameron-Jean,Carlo-Damon-Juanma-Omeed,Brandon,Miss 2,,,4,7
08-25-26,4,Ari-Brandon-Cameron-Jean,Carlo-Damon-Juanma-Omeed,Damon,Defensive Rebound,,,4,7
08-25-26,4,Ari-Brandon-Cameron-Jean,Carlo-Damon-Juanma-Omeed,Damon,Miss 3,,,4,7
08-25-26,4,Ari-Brandon-Cameron-Jean,Carlo-Damon-Juanma-Omeed,Cameron,Defensive Rebound,,,4,7
08-25-26,4,Ari-Brandon-Cameron-Jean,Carlo-Damon-Juanma-Omeed,Ari,Miss 3,,,4,7
08-25-26,4,Ari-Brandon-Cameron-Jean,Carlo-Damon-Juanma-Omeed,Omeed,Defensive Rebound,,,4,7
08-25-26,4,Ari-Brandon-Cameron-Jean,Carlo-Damon-Juanma-Omeed,Juanma,Made 2,,,4,8
08-25-26,4,Ari-Brandon-Cameron-Jean,Carlo-Damon-Juanma-Omeed,,Team B Win,,,4,8
08-25-26,5,Ari-Cameron-Ryan-Javis,Carlo-Damon-Juanma-Omeed,Omeed,Miss 3,,,0,0
08-25-26,5,Ari-Cameron-Ryan-Javis,Carlo-Damon-Juanma-Omeed,Cameron,Defensive Rebound,,,0,0
08-25-26,5,Ari-Cameron-Ryan-Javis,Carlo-Damon-Juanma-Omeed,Cameron,Made 2,,,1,0
08-25-26,5,Ari-Cameron-Ryan-Javis,Carlo-Damon-Juanma-Omeed,Ari,Miss 2,,,1,0
08-25-26,5,Ari-Cameron-Ryan-Javis,Carlo-Damon-Juanma-Omeed,Ari,Miss 2,,,1,0
08-25-26,5,Ari-Cameron-Ryan-Javis,Carlo-Damon-Juanma-Omeed,Omeed,Defensive Rebound,,,1,0
08-25-26,5,Ari-Cameron-Ryan-Javis,Carlo-Damon-Juanma-Omeed,Omeed,Miss 3,,,1,0
08-25-26,5,Ari-Cameron-Ryan-Javis,Carlo-Damon-Juanma-Omeed,Ryan,Defensive Rebound,,,1,0
08-25-26,5,Ari-Cameron-Ryan-Javis,Carlo-Damon-Juanma-Omeed,Cameron,Miss 3,,,1,0
08-25-26,5,Ari-Cameron-Ryan-Javis,Carlo-Damon-Juanma-Omeed,Omeed,Miss 3,,,1,0
08-25-26,5,Ari-Cameron-Ryan-Javis,Carlo-Damon-Juanma-Omeed,Carlo,Offensive Rebound,,,1,0
08-25-26,5,Ari-Cameron-Ryan-Javis,Carlo-Damon-Juanma-Omeed,Carlo,Made 2,,,1,1
08-25-26,5,Ari-Cameron-Ryan-Javis,Carlo-Damon-Juanma-Omeed,Juanma,Made 2,Damon,Assist,1,2
08-25-26,5,Ari-Cameron-Ryan-Javis,Carlo-Damon-Juanma-Omeed,Omeed,Miss 3,,,1,2
08-25-26,5,Ari-Cameron-Ryan-Javis,Carlo-Damon-Juanma-Omeed,Juanma,Offensive Rebound,,,1,2
08-25-26,5,Ari-Cameron-Ryan-Javis,Carlo-Damon-Juanma-Omeed,Juanma,Made 2,,,1,3
08-25-26,5,Ari-Cameron-Ryan-Javis,Carlo-Damon-Juanma-Omeed,Juanma,Miss 3,,,1,3
08-25-26,5,Ari-Cameron-Ryan-Javis,Carlo-Damon-Juanma-Omeed,Carlo,Offensive Rebound,,,1,3
08-25-26,5,Ari-Cameron-Ryan-Javis,Carlo-Damon-Juanma-Omeed,Damon,Made 2,Carlo,Assist,1,4
08-25-26,5,Ari-Cameron-Ryan-Javis,Carlo-Damon-Juanma-Omeed,Damon,Miss 2,,,1,4
08-25-26,5,Ari-Cameron-Ryan-Javis,Carlo-Damon-Juanma-Omeed,Ryan,Defensive Rebound,,,1,4
08-25-26,5,Ari-Cameron-Ryan-Javis,Carlo-Damon-Juanma-Omeed,Ryan,Miss 3,,,1,4
08-25-26,5,Ari-Cameron-Ryan-Javis,Carlo-Damon-Juanma-Omeed,Carlo,Defensive Rebound,,,1,4
08-25-26,5,Ari-Cameron-Ryan-Javis,Carlo-Damon-Juanma-Omeed,Carlo,Turnover,Ryan,Steal,1,4
08-25-26,5,Ari-Cameron-Ryan-Javis,Carlo-Damon-Juanma-Omeed,Javis,Miss 2,,,1,4
08-25-26,5,Ari-Cameron-Ryan-Javis,Carlo-Damon-Juanma-Omeed,Damon,Defensive Rebound,,,1,4
08-25-26,5,Ari-Cameron-Ryan-Javis,Carlo-Damon-Juanma-Omeed,Damon,Turnover,Cameron,Steal,1,4
08-25-26,5,Ari-Cameron-Ryan-Javis,Carlo-Damon-Juanma-Omeed,Cameron,Miss 3,,,1,4
08-25-26,5,Ari-Cameron-Ryan-Javis,Carlo-Damon-Juanma-Omeed,Juanma,Defensive Rebound,,,1,4
08-25-26,5,Ari-Cameron-Ryan-Javis,Carlo-Damon-Juanma-Omeed,Juanma,Miss 2,,,1,4
08-25-26,5,Ari-Cameron-Ryan-Javis,Carlo-Damon-Juanma-Omeed,Cameron,Turnover,Omeed,Steal,1,4
08-25-26,5,Ari-Cameron-Ryan-Javis,Carlo-Damon-Juanma-Omeed,Juanma,Turnover,Ryan,Steal,1,4
08-25-26,5,Ari-Cameron-Ryan-Javis,Carlo-Damon-Juanma-Omeed,Ryan,Made 2,,,2,4
08-25-26,5,Ari-Cameron-Ryan-Javis,Carlo-Damon-Juanma-Omeed,Ari,Made 2,,,3,4
08-25-26,5,Ari-Cameron-Ryan-Javis,Carlo-Damon-Juanma-Omeed,Javis,Miss 2,,,3,4
08-25-26,5,Ari-Cameron-Ryan-Javis,Carlo-Damon-Juanma-Omeed,Ari,Offensive Rebound,,,3,4
08-25-26,5,Ari-Cameron-Ryan-Javis,Carlo-Damon-Juanma-Omeed,Ari,Miss 2,,,3,4
08-25-26,5,Ari-Cameron-Ryan-Javis,Carlo-Damon-Juanma-Omeed,Carlo,Defensive Rebound,,,3,4
08-25-26,5,Ari-Cameron-Ryan-Javis,Carlo-Damon-Juanma-Omeed,Damon,Made 3,Carlo,Assist,3,6
08-25-26,5,Ari-Cameron-Ryan-Javis,Carlo-Damon-Juanma-Omeed,Omeed,Miss 2,,,3,6
08-25-26,5,Ari-Cameron-Ryan-Javis,Carlo-Damon-Juanma-Omeed,Cameron,Defensive Rebound,,,3,6
08-25-26,5,Ari-Cameron-Ryan-Javis,Carlo-Damon-Juanma-Omeed,Ari,Miss 2,,,3,6
08-25-26,5,Ari-Cameron-Ryan-Javis,Carlo-Damon-Juanma-Omeed,Carlo,Defensive Rebound,,,3,6
08-25-26,5,Ari-Cameron-Ryan-Javis,Carlo-Damon-Juanma-Omeed,Damon,Miss 3,,,3,6
08-25-26,5,Ari-Cameron-Ryan-Javis,Carlo-Damon-Juanma-Omeed,Juanma,Offensive Rebound,,,3,6
08-25-26,5,Ari-Cameron-Ryan-Javis,Carlo-Damon-Juanma-Omeed,Carlo,Miss 2,,,3,6
08-25-26,5,Ari-Cameron-Ryan-Javis,Carlo-Damon-Juanma-Omeed,Cameron,Defensive Rebound,,,3,6
08-25-26,5,Ari-Cameron-Ryan-Javis,Carlo-Damon-Juanma-Omeed,Ryan,Miss 2,,,3,6
08-25-26,5,Ari-Cameron-Ryan-Javis,Carlo-Damon-Juanma-Omeed,Carlo,Defensive Rebound,,,3,6
08-25-26,5,Ari-Cameron-Ryan-Javis,Carlo-Damon-Juanma-Omeed,Juanma,Miss 2,,,3,6
08-25-26,5,Ari-Cameron-Ryan-Javis,Carlo-Damon-Juanma-Omeed,Ryan,Defensive Rebound,,,3,6
08-25-26,5,Ari-Cameron-Ryan-Javis,Carlo-Damon-Juanma-Omeed,Javis,Miss 2,,,3,6
08-25-26,5,Ari-Cameron-Ryan-Javis,Carlo-Damon-Juanma-Omeed,Damon,Defensive Rebound,,,3,6
08-25-26,5,Ari-Cameron-Ryan-Javis,Carlo-Damon-Juanma-Omeed,Damon,Miss 3,,,3,6
08-25-26,5,Ari-Cameron-Ryan-Javis,Carlo-Damon-Juanma-Omeed,Javis,Defensive Rebound,,,3,6
08-25-26,5,Ari-Cameron-Ryan-Javis,Carlo-Damon-Juanma-Omeed,Ari,Miss 3,,,3,6
08-25-26,5,Ari-Cameron-Ryan-Javis,Carlo-Damon-Juanma-Omeed,Juanma,Defensive Rebound,,,3,6
08-25-26,5,Ari-Cameron-Ryan-Javis,Carlo-Damon-Juanma-Omeed,Damon,Miss 3,,,3,6
08-25-26,5,Ari-Cameron-Ryan-Javis,Carlo-Damon-Juanma-Omeed,Omeed,Offensive Rebound,,,3,6
08-25-26,5,Ari-Cameron-Ryan-Javis,Carlo-Damon-Juanma-Omeed,Omeed,Miss 2,,,3,6
08-25-26,5,Ari-Cameron-Ryan-Javis,Carlo-Damon-Juanma-Omeed,Ari,Defensive Rebound,,,3,6
08-25-26,5,Ari-Cameron-Ryan-Javis,Carlo-Damon-Juanma-Omeed,Javis,Turnover,Carlo,Steal,3,6
08-25-26,5,Ari-Cameron-Ryan-Javis,Carlo-Damon-Juanma-Omeed,Damon,Miss 2,,,3,6
08-25-26,5,Ari-Cameron-Ryan-Javis,Carlo-Damon-Juanma-Omeed,Ari,Defensive Rebound,,,3,6
08-25-26,5,Ari-Cameron-Ryan-Javis,Carlo-Damon-Juanma-Omeed,Cameron,Miss 2,,,3,6
08-25-26,5,Ari-Cameron-Ryan-Javis,Carlo-Damon-Juanma-Omeed,Omeed,Defensive Rebound,,,3,6
08-25-26,5,Ari-Cameron-Ryan-Javis,Carlo-Damon-Juanma-Omeed,Juanma,Turnover,,,3,6
08-25-26,5,Ari-Cameron-Ryan-Javis,Carlo-Damon-Juanma-Omeed,Ari,Miss 2,,,3,6
08-25-26,5,Ari-Cameron-Ryan-Javis,Carlo-Damon-Juanma-Omeed,Ryan,Offensive Rebound,,,3,6
08-25-26,5,Ari-Cameron-Ryan-Javis,Carlo-Damon-Juanma-Omeed,Ryan,Miss 2,,,3,6
08-25-26,5,Ari-Cameron-Ryan-Javis,Carlo-Damon-Juanma-Omeed,Ryan,Offensive Rebound,,,3,6
08-25-26,5,Ari-Cameron-Ryan-Javis,Carlo-Damon-Juanma-Omeed,Ryan,Miss 2,,,3,6
08-25-26,5,Ari-Cameron-Ryan-Javis,Carlo-Damon-Juanma-Omeed,Omeed,Defensive Rebound,,,3,6
08-25-26,5,Ari-Cameron-Ryan-Javis,Carlo-Damon-Juanma-Omeed,Juanma,Miss 2,,,3,6
08-25-26,5,Ari-Cameron-Ryan-Javis,Carlo-Damon-Juanma-Omeed,Javis,Defensive Rebound,,,3,6
08-25-26,5,Ari-Cameron-Ryan-Javis,Carlo-Damon-Juanma-Omeed,Ari,Made 2,Javis,Assist,4,6
08-25-26,5,Ari-Cameron-Ryan-Javis,Carlo-Damon-Juanma-Omeed,Ari,Miss 2,,,4,6
08-25-26,5,Ari-Cameron-Ryan-Javis,Carlo-Damon-Juanma-Omeed,Damon,Defensive Rebound,,,4,6
08-25-26,5,Ari-Cameron-Ryan-Javis,Carlo-Damon-Juanma-Omeed,Damon,Made 2,,,4,7
08-25-26,5,Ari-Cameron-Ryan-Javis,Carlo-Damon-Juanma-Omeed,,Team B Win,,,4,7
08-25-26,6,Brandon-Jean-Ryan-Javis,Carlo-Damon-Juanma-Omeed,Juanma,Miss 3,,,0,0
08-25-26,6,Brandon-Jean-Ryan-Javis,Carlo-Damon-Juanma-Omeed,Brandon,Defensive Rebound,,,0,0
08-25-26,6,Brandon-Jean-Ryan-Javis,Carlo-Damon-Juanma-Omeed,Jean,Made 3,Javis,Assist,2,0
08-25-26,6,Brandon-Jean-Ryan-Javis,Carlo-Damon-Juanma-Omeed,Jean,Miss 2,,,2,0
08-25-26,6,Brandon-Jean-Ryan-Javis,Carlo-Damon-Juanma-Omeed,Juanma,Defensive Rebound,,,2,0
08-25-26,6,Brandon-Jean-Ryan-Javis,Carlo-Damon-Juanma-Omeed,Juanma,Turnover,Brandon,Steal,2,0
08-25-26,6,Brandon-Jean-Ryan-Javis,Carlo-Damon-Juanma-Omeed,Brandon,Miss 3,,,2,0
08-25-26,6,Brandon-Jean-Ryan-Javis,Carlo-Damon-Juanma-Omeed,Omeed,Made 3,Juanma,Assist,2,3
08-25-26,6,Brandon-Jean-Ryan-Javis,Carlo-Damon-Juanma-Omeed,Damon,Miss 3,,,2,3
08-25-26,6,Brandon-Jean-Ryan-Javis,Carlo-Damon-Juanma-Omeed,Jean,Defensive Rebound,,,2,3
08-25-26,6,Brandon-Jean-Ryan-Javis,Carlo-Damon-Juanma-Omeed,Brandon,Made 2,Jean,Assist,3,3
08-25-26,6,Brandon-Jean-Ryan-Javis,Carlo-Damon-Juanma-Omeed,Brandon,Miss 3,,,3,3
08-25-26,6,Brandon-Jean-Ryan-Javis,Carlo-Damon-Juanma-Omeed,Jean,Offensive Rebound,,,3,3
08-25-26,6,Brandon-Jean-Ryan-Javis,Carlo-Damon-Juanma-Omeed,Ryan,Miss 2,,,3,3
08-25-26,6,Brandon-Jean-Ryan-Javis,Carlo-Damon-Juanma-Omeed,Damon,Miss 2,,,3,3
08-25-26,6,Brandon-Jean-Ryan-Javis,Carlo-Damon-Juanma-Omeed,Jean,Defensive Rebound,,,3,3
08-25-26,6,Brandon-Jean-Ryan-Javis,Carlo-Damon-Juanma-Omeed,Ryan,Made 2,Jean,Assist,4,3
08-25-26,6,Brandon-Jean-Ryan-Javis,Carlo-Damon-Juanma-Omeed,Brandon,Miss 3,,,4,3
08-25-26,6,Brandon-Jean-Ryan-Javis,Carlo-Damon-Juanma-Omeed,Carlo,Defensive Rebound,,,4,3
08-25-26,6,Brandon-Jean-Ryan-Javis,Carlo-Damon-Juanma-Omeed,Omeed,Miss 3,,,4,3
08-25-26,6,Brandon-Jean-Ryan-Javis,Carlo-Damon-Juanma-Omeed,Ryan,Miss 2,,,4,3
08-25-26,6,Brandon-Jean-Ryan-Javis,Carlo-Damon-Juanma-Omeed,Juanma,Defensive Rebound,,,4,3
08-25-26,6,Brandon-Jean-Ryan-Javis,Carlo-Damon-Juanma-Omeed,Carlo,Miss 2,,,4,3
08-25-26,6,Brandon-Jean-Ryan-Javis,Carlo-Damon-Juanma-Omeed,Jean,Defensive Rebound,,,4,3
08-25-26,6,Brandon-Jean-Ryan-Javis,Carlo-Damon-Juanma-Omeed,Brandon,Miss 3,,,4,3
08-25-26,6,Brandon-Jean-Ryan-Javis,Carlo-Damon-Juanma-Omeed,Jean,Offensive Rebound,,,4,3
08-25-26,6,Brandon-Jean-Ryan-Javis,Carlo-Damon-Juanma-Omeed,Jean,Miss 3,,,4,3
08-25-26,6,Brandon-Jean-Ryan-Javis,Carlo-Damon-Juanma-Omeed,Juanma,Defensive Rebound,,,4,3
08-25-26,6,Brandon-Jean-Ryan-Javis,Carlo-Damon-Juanma-Omeed,Damon,Turnover,,,4,3
08-25-26,6,Brandon-Jean-Ryan-Javis,Carlo-Damon-Juanma-Omeed,Jean,Turnover,Omeed,Steal,4,3
08-25-26,6,Brandon-Jean-Ryan-Javis,Carlo-Damon-Juanma-Omeed,Damon,Miss 3,,,4,3
08-25-26,6,Brandon-Jean-Ryan-Javis,Carlo-Damon-Juanma-Omeed,Brandon,Miss 3,,,4,3
08-25-26,6,Brandon-Jean-Ryan-Javis,Carlo-Damon-Juanma-Omeed,Javis,Offensive Rebound,,,4,3
08-25-26,6,Brandon-Jean-Ryan-Javis,Carlo-Damon-Juanma-Omeed,Brandon,Miss 3,,,4,3
08-25-26,6,Brandon-Jean-Ryan-Javis,Carlo-Damon-Juanma-Omeed,Carlo,Made 2,Omeed,Assist,4,4
08-25-26,6,Brandon-Jean-Ryan-Javis,Carlo-Damon-Juanma-Omeed,Damon,Miss 3,,,4,4
08-25-26,6,Brandon-Jean-Ryan-Javis,Carlo-Damon-Juanma-Omeed,Damon,Offensive Rebound,,,4,4
08-25-26,6,Brandon-Jean-Ryan-Javis,Carlo-Damon-Juanma-Omeed,Damon,Miss 3,,,4,4
08-25-26,6,Brandon-Jean-Ryan-Javis,Carlo-Damon-Juanma-Omeed,Carlo,Offensive Rebound,,,4,4
08-25-26,6,Brandon-Jean-Ryan-Javis,Carlo-Damon-Juanma-Omeed,Carlo,Miss 2,,,4,4
08-25-26,6,Brandon-Jean-Ryan-Javis,Carlo-Damon-Juanma-Omeed,Jean,Miss 2,,,4,4
08-25-26,6,Brandon-Jean-Ryan-Javis,Carlo-Damon-Juanma-Omeed,Damon,Defensive Rebound,,,4,4
08-25-26,6,Brandon-Jean-Ryan-Javis,Carlo-Damon-Juanma-Omeed,Juanma,Made 3,Damon,Assist,4,6
08-25-26,6,Brandon-Jean-Ryan-Javis,Carlo-Damon-Juanma-Omeed,Damon,Turnover,Jean,Steal,4,6
08-25-26,6,Brandon-Jean-Ryan-Javis,Carlo-Damon-Juanma-Omeed,Brandon,Miss 3,,,4,6
08-25-26,6,Brandon-Jean-Ryan-Javis,Carlo-Damon-Juanma-Omeed,Carlo,Defensive Rebound,,,4,6
08-25-26,6,Brandon-Jean-Ryan-Javis,Carlo-Damon-Juanma-Omeed,Omeed,Miss 3,,,4,6
08-25-26,6,Brandon-Jean-Ryan-Javis,Carlo-Damon-Juanma-Omeed,Ryan,Made 2,Brandon,Assist,5,6
08-25-26,6,Brandon-Jean-Ryan-Javis,Carlo-Damon-Juanma-Omeed,Ryan,Miss 2,,,5,6
08-25-26,6,Brandon-Jean-Ryan-Javis,Carlo-Damon-Juanma-Omeed,Brandon,Offensive Rebound,,,5,6
08-25-26,6,Brandon-Jean-Ryan-Javis,Carlo-Damon-Juanma-Omeed,Brandon,Miss 2,,,5,6
08-25-26,6,Brandon-Jean-Ryan-Javis,Carlo-Damon-Juanma-Omeed,Damon,Defensive Rebound,,,5,6
08-25-26,6,Brandon-Jean-Ryan-Javis,Carlo-Damon-Juanma-Omeed,Omeed,Turnover,Jean,Steal,5,6
08-25-26,6,Brandon-Jean-Ryan-Javis,Carlo-Damon-Juanma-Omeed,Jean,Miss 3,,,5,6
08-25-26,6,Brandon-Jean-Ryan-Javis,Carlo-Damon-Juanma-Omeed,Juanma,Defensive Rebound,,,5,6
08-25-26,6,Brandon-Jean-Ryan-Javis,Carlo-Damon-Juanma-Omeed,Omeed,Miss 2,Jean,Block,5,6
08-25-26,6,Brandon-Jean-Ryan-Javis,Carlo-Damon-Juanma-Omeed,Ryan,Defensive Rebound,,,5,6
08-25-26,6,Brandon-Jean-Ryan-Javis,Carlo-Damon-Juanma-Omeed,Jean,Turnover,Damon,Steal,5,6
08-25-26,6,Brandon-Jean-Ryan-Javis,Carlo-Damon-Juanma-Omeed,Damon,Miss 3,,,5,6
08-25-26,6,Brandon-Jean-Ryan-Javis,Carlo-Damon-Juanma-Omeed,Jean,Defensive Rebound,,,5,6
08-25-26,6,Brandon-Jean-Ryan-Javis,Carlo-Damon-Juanma-Omeed,Javis,Miss 3,,,5,6
08-25-26,6,Brandon-Jean-Ryan-Javis,Carlo-Damon-Juanma-Omeed,Jean,Offensive Rebound,,,5,6
08-25-26,6,Brandon-Jean-Ryan-Javis,Carlo-Damon-Juanma-Omeed,Jean,Miss 2,,,5,6
08-25-26,6,Brandon-Jean-Ryan-Javis,Carlo-Damon-Juanma-Omeed,Damon,Defensive Rebound,,,5,6
08-25-26,6,Brandon-Jean-Ryan-Javis,Carlo-Damon-Juanma-Omeed,Damon,Turnover,Javis,Steal,5,6
08-25-26,6,Brandon-Jean-Ryan-Javis,Carlo-Damon-Juanma-Omeed,Javis,Made 2,Ryan,Assist,6,6
08-25-26,6,Brandon-Jean-Ryan-Javis,Carlo-Damon-Juanma-Omeed,Jean,Made 2,,,7,6
08-25-26,6,Brandon-Jean-Ryan-Javis,Carlo-Damon-Juanma-Omeed,Jean,Made 2,Javis,Assist,8,6
08-25-26,6,Brandon-Jean-Ryan-Javis,Carlo-Damon-Juanma-Omeed,Ryan,Turnover,,,8,6
08-25-26,6,Brandon-Jean-Ryan-Javis,Carlo-Damon-Juanma-Omeed,Carlo,Made 2,Omeed,Assist,8,7
08-25-26,6,Brandon-Jean-Ryan-Javis,Carlo-Damon-Juanma-Omeed,Omeed,Miss 3,,,8,7
08-25-26,6,Brandon-Jean-Ryan-Javis,Carlo-Damon-Juanma-Omeed,Juanma,Defensive Rebound,,,8,7
08-25-26,6,Brandon-Jean-Ryan-Javis,Carlo-Damon-Juanma-Omeed,Juanma,Turnover,Javis,Steal,8,7
08-25-26,6,Brandon-Jean-Ryan-Javis,Carlo-Damon-Juanma-Omeed,Ryan,Miss 3,,,8,7
08-25-26,6,Brandon-Jean-Ryan-Javis,Carlo-Damon-Juanma-Omeed,Javis,Offensive Rebound,,,8,7
08-25-26,6,Brandon-Jean-Ryan-Javis,Carlo-Damon-Juanma-Omeed,Ryan,Miss 2,,,8,7
08-25-26,6,Brandon-Jean-Ryan-Javis,Carlo-Damon-Juanma-Omeed,Carlo,Defensive Rebound,,,8,7
08-25-26,6,Brandon-Jean-Ryan-Javis,Carlo-Damon-Juanma-Omeed,Omeed,Miss 3,,,8,7
08-25-26,6,Brandon-Jean-Ryan-Javis,Carlo-Damon-Juanma-Omeed,Javis,Defensive Rebound,,,8,7
08-25-26,6,Brandon-Jean-Ryan-Javis,Carlo-Damon-Juanma-Omeed,Jean,Miss 2,,,8,7
08-25-26,6,Brandon-Jean-Ryan-Javis,Carlo-Damon-Juanma-Omeed,Damon,Defensive Rebound,,,8,7
08-25-26,6,Brandon-Jean-Ryan-Javis,Carlo-Damon-Juanma-Omeed,Damon,Miss 3,,,8,7
08-25-26,6,Brandon-Jean-Ryan-Javis,Carlo-Damon-Juanma-Omeed,Javis,Defensive Rebound,,,8,7
08-25-26,6,Brandon-Jean-Ryan-Javis,Carlo-Damon-Juanma-Omeed,Brandon,Miss 2,,,8,7
08-25-26,6,Brandon-Jean-Ryan-Javis,Carlo-Damon-Juanma-Omeed,Javis,Offensive Rebound,,,8,7
08-25-26,6,Brandon-Jean-Ryan-Javis,Carlo-Damon-Juanma-Omeed,Javis,Miss 2,,,8,7
08-25-26,6,Brandon-Jean-Ryan-Javis,Carlo-Damon-Juanma-Omeed,Brandon,Offensive Rebound,,,8,7
08-25-26,6,Brandon-Jean-Ryan-Javis,Carlo-Damon-Juanma-Omeed,Brandon,Turnover,Juanma,Steal,8,7
08-25-26,6,Brandon-Jean-Ryan-Javis,Carlo-Damon-Juanma-Omeed,Carlo,Turnover,,,8,7
08-25-26,6,Brandon-Jean-Ryan-Javis,Carlo-Damon-Juanma-Omeed,Jean,Miss 2,,,8,7
08-25-26,6,Brandon-Jean-Ryan-Javis,Carlo-Damon-Juanma-Omeed,Omeed,Turnover,Jean,Steal,8,7
08-25-26,6,Brandon-Jean-Ryan-Javis,Carlo-Damon-Juanma-Omeed,Jean,Miss 2,,,8,7
08-25-26,6,Brandon-Jean-Ryan-Javis,Carlo-Damon-Juanma-Omeed,Jean,Offensive Rebound,,,8,7
08-25-26,6,Brandon-Jean-Ryan-Javis,Carlo-Damon-Juanma-Omeed,Brandon,Miss 2,,,8,7
08-25-26,6,Brandon-Jean-Ryan-Javis,Carlo-Damon-Juanma-Omeed,Brandon,Offensive Rebound,,,8,7
08-25-26,6,Brandon-Jean-Ryan-Javis,Carlo-Damon-Juanma-Omeed,Brandon,Miss 2,,,8,7
08-25-26,6,Brandon-Jean-Ryan-Javis,Carlo-Damon-Juanma-Omeed,Carlo,Defensive Rebound,,,8,7
08-25-26,6,Brandon-Jean-Ryan-Javis,Carlo-Damon-Juanma-Omeed,Damon,Miss 3,,,8,7
08-25-26,6,Brandon-Jean-Ryan-Javis,Carlo-Damon-Juanma-Omeed,Ryan,Miss 3,,,8,7
08-25-26,6,Brandon-Jean-Ryan-Javis,Carlo-Damon-Juanma-Omeed,Juanma,Defensive Rebound,,,8,7
08-25-26,6,Brandon-Jean-Ryan-Javis,Carlo-Damon-Juanma-Omeed,Omeed,Miss 3,Jean,Block,8,7
08-25-26,6,Brandon-Jean-Ryan-Javis,Carlo-Damon-Juanma-Omeed,Damon,Offensive Rebound,,,8,7
08-25-26,6,Brandon-Jean-Ryan-Javis,Carlo-Damon-Juanma-Omeed,Damon,Miss 2,,,8,7
08-25-26,6,Brandon-Jean-Ryan-Javis,Carlo-Damon-Juanma-Omeed,Carlo,Offensive Rebound,,,8,7
08-25-26,6,Brandon-Jean-Ryan-Javis,Carlo-Damon-Juanma-Omeed,Carlo,Made 2,,,8,8
08-25-26,6,Brandon-Jean-Ryan-Javis,Carlo-Damon-Juanma-Omeed,Damon,Miss 2,,,8,8
08-25-26,6,Brandon-Jean-Ryan-Javis,Carlo-Damon-Juanma-Omeed,Javis,Defensive Rebound,,,8,8
08-25-26,6,Brandon-Jean-Ryan-Javis,Carlo-Damon-Juanma-Omeed,Javis,Miss 3,,,8,8
08-25-26,6,Brandon-Jean-Ryan-Javis,Carlo-Damon-Juanma-Omeed,Omeed,Miss 3,,,8,8
08-25-26,6,Brandon-Jean-Ryan-Javis,Carlo-Damon-Juanma-Omeed,Javis,Defensive Rebound,,,8,8
08-25-26,6,Brandon-Jean-Ryan-Javis,Carlo-Damon-Juanma-Omeed,Brandon,Made 2,Javis,Assist,9,8
08-25-26,6,Brandon-Jean-Ryan-Javis,Carlo-Damon-Juanma-Omeed,,Team A Win,,,9,8
08-27-26,1,Brandon-Juanma-Omeed,Ari-Jean-Ryan,Omeed,Miss 3,,,0,0
08-27-26,1,Brandon-Juanma-Omeed,Ari-Jean-Ryan,Ryan,Turnover,Juanma,Steal,0,0
08-27-26,1,Brandon-Juanma-Omeed,Ari-Jean-Ryan,Omeed,Miss 2,,,0,0
08-27-26,1,Brandon-Juanma-Omeed,Ari-Jean-Ryan,Ari,Defensive Rebound,,,0,0
08-27-26,1,Brandon-Juanma-Omeed,Ari-Jean-Ryan,Ari,Made 3,,,0,2
08-27-26,1,Brandon-Juanma-Omeed,Ari-Jean-Ryan,Jean,Miss 3,,,0,2
08-27-26,1,Brandon-Juanma-Omeed,Ari-Jean-Ryan,Ryan,Offensive Rebound,,,0,2
08-27-26,1,Brandon-Juanma-Omeed,Ari-Jean-Ryan,Ari,Miss 2,,,0,2
08-27-26,1,Brandon-Juanma-Omeed,Ari-Jean-Ryan,Jean,Offensive Rebound,,,0,2
08-27-26,1,Brandon-Juanma-Omeed,Ari-Jean-Ryan,Ryan,Miss 2,,,0,2
08-27-26,1,Brandon-Juanma-Omeed,Ari-Jean-Ryan,Ryan,Offensive Rebound,,,0,2
08-27-26,1,Brandon-Juanma-Omeed,Ari-Jean-Ryan,Ryan,Made 2,,,0,3
08-27-26,1,Brandon-Juanma-Omeed,Ari-Jean-Ryan,Jean,Made 3,Ryan,Assist,0,5
08-27-26,1,Brandon-Juanma-Omeed,Ari-Jean-Ryan,Jean,Turnover,Juanma,Steal,0,5
08-27-26,1,Brandon-Juanma-Omeed,Ari-Jean-Ryan,Brandon,Miss 3,,,0,5
08-27-26,1,Brandon-Juanma-Omeed,Ari-Jean-Ryan,Ari,Defensive Rebound,,,0,5
08-27-26,1,Brandon-Juanma-Omeed,Ari-Jean-Ryan,Ari,Made 2,,,0,6
08-27-26,1,Brandon-Juanma-Omeed,Ari-Jean-Ryan,Ari,Miss 3,,,0,6
08-27-26,1,Brandon-Juanma-Omeed,Ari-Jean-Ryan,Brandon,Defensive Rebound,,,0,6
08-27-26,1,Brandon-Juanma-Omeed,Ari-Jean-Ryan,Brandon,Miss 2,,,0,6
08-27-26,1,Brandon-Juanma-Omeed,Ari-Jean-Ryan,Ryan,Defensive Rebound,,,0,6
08-27-26,1,Brandon-Juanma-Omeed,Ari-Jean-Ryan,Ryan,Miss 3,,,0,6
08-27-26,1,Brandon-Juanma-Omeed,Ari-Jean-Ryan,Omeed,Defensive Rebound,,,0,6
08-27-26,1,Brandon-Juanma-Omeed,Ari-Jean-Ryan,Juanma,Made 2,Brandon,Assist,1,6
08-27-26,1,Brandon-Juanma-Omeed,Ari-Jean-Ryan,Brandon,Made 2,Juanma,Assist,2,6
08-27-26,1,Brandon-Juanma-Omeed,Ari-Jean-Ryan,Omeed,Miss 3,,,2,6
08-27-26,1,Brandon-Juanma-Omeed,Ari-Jean-Ryan,Jean,Miss 3,,,2,6
08-27-26,1,Brandon-Juanma-Omeed,Ari-Jean-Ryan,Juanma,Defensive Rebound,,,2,6
08-27-26,1,Brandon-Juanma-Omeed,Ari-Jean-Ryan,Juanma,Made 3,,,4,6
08-27-26,1,Brandon-Juanma-Omeed,Ari-Jean-Ryan,Juanma,Miss 3,,,4,6
08-27-26,1,Brandon-Juanma-Omeed,Ari-Jean-Ryan,Ryan,Miss 2,,,4,6
08-27-26,1,Brandon-Juanma-Omeed,Ari-Jean-Ryan,Omeed,Defensive Rebound,,,4,6
08-27-26,1,Brandon-Juanma-Omeed,Ari-Jean-Ryan,Juanma,Miss 2,,,4,6
08-27-26,1,Brandon-Juanma-Omeed,Ari-Jean-Ryan,Jean,Defensive Rebound,,,4,6
08-27-26,1,Brandon-Juanma-Omeed,Ari-Jean-Ryan,Ryan,Made 3,Jean,Assist,4,8
08-27-26,1,Brandon-Juanma-Omeed,Ari-Jean-Ryan,Ryan,Miss 3,,,4,8
08-27-26,1,Brandon-Juanma-Omeed,Ari-Jean-Ryan,Omeed,Miss 2,,,4,8
08-27-26,1,Brandon-Juanma-Omeed,Ari-Jean-Ryan,Ari,Defensive Rebound,,,4,8
08-27-26,1,Brandon-Juanma-Omeed,Ari-Jean-Ryan,Ari,Miss 2,Juanma,Block,4,8
08-27-26,1,Brandon-Juanma-Omeed,Ari-Jean-Ryan,Brandon,Defensive Rebound,,,4,8
08-27-26,1,Brandon-Juanma-Omeed,Ari-Jean-Ryan,Omeed,Miss 2,Jean,Block,4,8
08-27-26,1,Brandon-Juanma-Omeed,Ari-Jean-Ryan,Omeed,Offensive Rebound,,,4,8
08-27-26,1,Brandon-Juanma-Omeed,Ari-Jean-Ryan,Juanma,Turnover,Ryan,Steal,4,8
08-27-26,1,Brandon-Juanma-Omeed,Ari-Jean-Ryan,Ryan,Miss 2,,,4,8
08-27-26,1,Brandon-Juanma-Omeed,Ari-Jean-Ryan,Ari,Offensive Rebound,,,4,8
08-27-26,1,Brandon-Juanma-Omeed,Ari-Jean-Ryan,Ari,Miss 2,,,4,8
08-27-26,1,Brandon-Juanma-Omeed,Ari-Jean-Ryan,Juanma,Defensive Rebound,,,4,8
08-27-26,1,Brandon-Juanma-Omeed,Ari-Jean-Ryan,Omeed,Miss 2,,,4,8
08-27-26,1,Brandon-Juanma-Omeed,Ari-Jean-Ryan,Ari,Defensive Rebound,,,4,8
08-27-26,1,Brandon-Juanma-Omeed,Ari-Jean-Ryan,Jean,Made 2,Ari,Assist,4,9
08-27-26,1,Brandon-Juanma-Omeed,Ari-Jean-Ryan,,Team B Win,,,4,9
08-27-26,2,Brandon-Carlo-Juanma,Ari-Jean-Javis,Ari,Miss 3,,,0,0
08-27-26,2,Brandon-Carlo-Juanma,Ari-Jean-Javis,Carlo,Miss 3,,,0,0
08-27-26,2,Brandon-Carlo-Juanma,Ari-Jean-Javis,Javis,Defensive Rebound,,,0,0
08-27-26,2,Brandon-Carlo-Juanma,Ari-Jean-Javis,Ari,Miss 2,,,0,0
08-27-26,2,Brandon-Carlo-Juanma,Ari-Jean-Javis,Juanma,Miss 2,,,0,0
08-27-26,2,Brandon-Carlo-Juanma,Ari-Jean-Javis,Javis,Defensive Rebound,,,0,0
08-27-26,2,Brandon-Carlo-Juanma,Ari-Jean-Javis,Jean,Miss 2,,,0,0
08-27-26,2,Brandon-Carlo-Juanma,Ari-Jean-Javis,Brandon,Defensive Rebound,,,0,0
08-27-26,2,Brandon-Carlo-Juanma,Ari-Jean-Javis,Brandon,Made 2,,,1,0
08-27-26,2,Brandon-Carlo-Juanma,Ari-Jean-Javis,Carlo,Miss 2,,,1,0
08-27-26,2,Brandon-Carlo-Juanma,Ari-Jean-Javis,Juanma,Offensive Rebound,,,1,0
08-27-26,2,Brandon-Carlo-Juanma,Ari-Jean-Javis,Carlo,Made 2,Juanma,Assist,2,0
08-27-26,2,Brandon-Carlo-Juanma,Ari-Jean-Javis,Juanma,Miss 2,,,2,0
08-27-26,2,Brandon-Carlo-Juanma,Ari-Jean-Javis,Ari,Made 2,Jean,Assist,2,1
08-27-26,2,Brandon-Carlo-Juanma,Ari-Jean-Javis,Javis,Made 2,Jean,Assist,2,2
08-27-26,2,Brandon-Carlo-Juanma,Ari-Jean-Javis,Jean,Made 2,Ari,Assist,2,3
08-27-26,2,Brandon-Carlo-Juanma,Ari-Jean-Javis,Javis,Made 2,Ari,Assist,2,4
08-27-26,2,Brandon-Carlo-Juanma,Ari-Jean-Javis,Javis,Miss 2,,,2,4
08-27-26,2,Brandon-Carlo-Juanma,Ari-Jean-Javis,Juanma,Defensive Rebound,,,2,4
08-27-26,2,Brandon-Carlo-Juanma,Ari-Jean-Javis,Carlo,Miss 2,,,2,4
08-27-26,2,Brandon-Carlo-Juanma,Ari-Jean-Javis,Carlo,Offensive Rebound,,,2,4
08-27-26,2,Brandon-Carlo-Juanma,Ari-Jean-Javis,Carlo,Miss 3,,,2,4
08-27-26,2,Brandon-Carlo-Juanma,Ari-Jean-Javis,Jean,Defensive Rebound,,,2,4
08-27-26,2,Brandon-Carlo-Juanma,Ari-Jean-Javis,Ari,Miss 2,,,2,4
08-27-26,2,Brandon-Carlo-Juanma,Ari-Jean-Javis,Brandon,Defensive Rebound,,,2,4
08-27-26,2,Brandon-Carlo-Juanma,Ari-Jean-Javis,Brandon,Miss 2,Jean,Block,2,4
08-27-26,2,Brandon-Carlo-Juanma,Ari-Jean-Javis,Ari,Defensive Rebound,,,2,4
08-27-26,2,Brandon-Carlo-Juanma,Ari-Jean-Javis,Jean,Miss 3,,,2,4
08-27-26,2,Brandon-Carlo-Juanma,Ari-Jean-Javis,Carlo,Defensive Rebound,,,2,4
08-27-26,2,Brandon-Carlo-Juanma,Ari-Jean-Javis,Carlo,Made 2,Juanma,Assist,3,4
08-27-26,2,Brandon-Carlo-Juanma,Ari-Jean-Javis,Brandon,Miss 3,,,3,4
08-27-26,2,Brandon-Carlo-Juanma,Ari-Jean-Javis,Javis,Defensive Rebound,,,3,4
08-27-26,2,Brandon-Carlo-Juanma,Ari-Jean-Javis,Ari,Miss 3,,,3,4
08-27-26,2,Brandon-Carlo-Juanma,Ari-Jean-Javis,Brandon,Defensive Rebound,,,3,4
08-27-26,2,Brandon-Carlo-Juanma,Ari-Jean-Javis,Juanma,Turnover,Javis,Steal,3,4
08-27-26,2,Brandon-Carlo-Juanma,Ari-Jean-Javis,Jean,Miss 3,,,3,4
08-27-26,2,Brandon-Carlo-Juanma,Ari-Jean-Javis,Juanma,Defensive Rebound,,,3,4
08-27-26,2,Brandon-Carlo-Juanma,Ari-Jean-Javis,Carlo,Miss 2,,,3,4
08-27-26,2,Brandon-Carlo-Juanma,Ari-Jean-Javis,Carlo,Offensive Rebound,,,3,4
08-27-26,2,Brandon-Carlo-Juanma,Ari-Jean-Javis,Carlo,Made 2,,,4,4
08-27-26,2,Brandon-Carlo-Juanma,Ari-Jean-Javis,Carlo,Miss 3,,,4,4
08-27-26,2,Brandon-Carlo-Juanma,Ari-Jean-Javis,Ari,Defensive Rebound,,,4,4
08-27-26,2,Brandon-Carlo-Juanma,Ari-Jean-Javis,Ari,Miss 2,,,4,4
08-27-26,2,Brandon-Carlo-Juanma,Ari-Jean-Javis,Brandon,Defensive Rebound,,,4,4
08-27-26,2,Brandon-Carlo-Juanma,Ari-Jean-Javis,Brandon,Made 2,,,5,4
08-27-26,2,Brandon-Carlo-Juanma,Ari-Jean-Javis,Carlo,Miss 2,,,5,4
08-27-26,2,Brandon-Carlo-Juanma,Ari-Jean-Javis,Carlo,Offensive Rebound,,,5,4
08-27-26,2,Brandon-Carlo-Juanma,Ari-Jean-Javis,Carlo,Miss 2,,,5,4
08-27-26,2,Brandon-Carlo-Juanma,Ari-Jean-Javis,Jean,Defensive Rebound,,,5,4
08-27-26,2,Brandon-Carlo-Juanma,Ari-Jean-Javis,Javis,Made 2,Jean,Assist,5,5
08-27-26,2,Brandon-Carlo-Juanma,Ari-Jean-Javis,Javis,Miss 2,,,5,5
08-27-26,2,Brandon-Carlo-Juanma,Ari-Jean-Javis,Brandon,Defensive Rebound,,,5,5
08-27-26,2,Brandon-Carlo-Juanma,Ari-Jean-Javis,Juanma,Turnover,Ari,Steal,5,5
08-27-26,2,Brandon-Carlo-Juanma,Ari-Jean-Javis,Ari,Miss 3,,,5,5
08-27-26,2,Brandon-Carlo-Juanma,Ari-Jean-Javis,Brandon,Defensive Rebound,,,5,5
08-27-26,2,Brandon-Carlo-Juanma,Ari-Jean-Javis,Brandon,Miss 2,,,5,5
08-27-26,2,Brandon-Carlo-Juanma,Ari-Jean-Javis,Javis,Defensive Rebound,,,5,5
08-27-26,2,Brandon-Carlo-Juanma,Ari-Jean-Javis,Jean,Miss 3,,,5,5
08-27-26,2,Brandon-Carlo-Juanma,Ari-Jean-Javis,Brandon,Defensive Rebound,,,5,5
08-27-26,2,Brandon-Carlo-Juanma,Ari-Jean-Javis,Carlo,Miss 2,Javis,Block,5,5
08-27-26,2,Brandon-Carlo-Juanma,Ari-Jean-Javis,Juanma,Offensive Rebound,,,5,5
08-27-26,2,Brandon-Carlo-Juanma,Ari-Jean-Javis,Carlo,Miss 2,,,5,5
08-27-26,2,Brandon-Carlo-Juanma,Ari-Jean-Javis,Carlo,Offensive Rebound,,,5,5
08-27-26,2,Brandon-Carlo-Juanma,Ari-Jean-Javis,Carlo,Miss 2,,,5,5
08-27-26,2,Brandon-Carlo-Juanma,Ari-Jean-Javis,Jean,Defensive Rebound,,,5,5
08-27-26,2,Brandon-Carlo-Juanma,Ari-Jean-Javis,Ari,Miss 2,,,5,5
08-27-26,2,Brandon-Carlo-Juanma,Ari-Jean-Javis,Brandon,Defensive Rebound,,,5,5
08-27-26,2,Brandon-Carlo-Juanma,Ari-Jean-Javis,Carlo,Miss 2,,,5,5
08-27-26,2,Brandon-Carlo-Juanma,Ari-Jean-Javis,Carlo,Miss 2,,,5,5
08-27-26,2,Brandon-Carlo-Juanma,Ari-Jean-Javis,Carlo,Offensive Rebound,,,5,5
08-27-26,2,Brandon-Carlo-Juanma,Ari-Jean-Javis,Carlo,Made 2,,,6,5
08-27-26,2,Brandon-Carlo-Juanma,Ari-Jean-Javis,Brandon,Miss 3,,,6,5
08-27-26,2,Brandon-Carlo-Juanma,Ari-Jean-Javis,Jean,Defensive Rebound,,,6,5
08-27-26,2,Brandon-Carlo-Juanma,Ari-Jean-Javis,Javis,Miss 2,,,6,5
08-27-26,2,Brandon-Carlo-Juanma,Ari-Jean-Javis,Brandon,Defensive Rebound,,,6,5
08-27-26,2,Brandon-Carlo-Juanma,Ari-Jean-Javis,Juanma,Turnover,Jean,Steal,6,5
08-27-26,2,Brandon-Carlo-Juanma,Ari-Jean-Javis,Jean,Miss 3,,,6,5
08-27-26,2,Brandon-Carlo-Juanma,Ari-Jean-Javis,Brandon,Defensive Rebound,,,6,5
08-27-26,2,Brandon-Carlo-Juanma,Ari-Jean-Javis,Juanma,Miss 3,,,6,5
08-27-26,2,Brandon-Carlo-Juanma,Ari-Jean-Javis,Jean,Defensive Rebound,,,6,5
08-27-26,2,Brandon-Carlo-Juanma,Ari-Jean-Javis,Jean,Turnover,Brandon,Steal,6,5
08-27-26,2,Brandon-Carlo-Juanma,Ari-Jean-Javis,Brandon,Made 3,,,8,5
08-27-26,2,Brandon-Carlo-Juanma,Ari-Jean-Javis,Brandon,Miss 3,,,8,5
08-27-26,2,Brandon-Carlo-Juanma,Ari-Jean-Javis,Jean,Defensive Rebound,,,8,5
08-27-26,2,Brandon-Carlo-Juanma,Ari-Jean-Javis,Ari,Made 2,Jean,Assist,8,6
08-27-26,2,Brandon-Carlo-Juanma,Ari-Jean-Javis,Jean,Miss 2,,,8,6
08-27-26,2,Brandon-Carlo-Juanma,Ari-Jean-Javis,Brandon,Defensive Rebound,,,8,6
08-27-26,2,Brandon-Carlo-Juanma,Ari-Jean-Javis,Brandon,Made 2,,,9,6
08-27-26,2,Brandon-Carlo-Juanma,Ari-Jean-Javis,,Team A Win,,,9,6
08-27-26,3,Brandon-Carlo-Juanma,Javis-Omeed-Ryan,Carlo,Made 2,Brandon,Assist,1,0
08-27-26,3,Brandon-Carlo-Juanma,Javis-Omeed-Ryan,Brandon,Miss 3,,,1,0
08-27-26,3,Brandon-Carlo-Juanma,Javis-Omeed-Ryan,Javis,Defensive Rebound,,,1,0
08-27-26,3,Brandon-Carlo-Juanma,Javis-Omeed-Ryan,Omeed,Miss 2,Carlo,Block,1,0
08-27-26,3,Brandon-Carlo-Juanma,Javis-Omeed-Ryan,Carlo,Defensive Rebound,,,1,0
08-27-26,3,Brandon-Carlo-Juanma,Javis-Omeed-Ryan,Brandon,Turnover,Javis,Steal,1,0
08-27-26,3,Brandon-Carlo-Juanma,Javis-Omeed-Ryan,Omeed,Miss 3,,,1,0
08-27-26,3,Brandon-Carlo-Juanma,Javis-Omeed-Ryan,Carlo,Defensive Rebound,,,1,0
08-27-26,3,Brandon-Carlo-Juanma,Javis-Omeed-Ryan,Carlo,Made 2,,,2,0
08-27-26,3,Brandon-Carlo-Juanma,Javis-Omeed-Ryan,Brandon,Miss 3,,,2,0
08-27-26,3,Brandon-Carlo-Juanma,Javis-Omeed-Ryan,Carlo,Offensive Rebound,,,2,0
08-27-26,3,Brandon-Carlo-Juanma,Javis-Omeed-Ryan,Juanma,Made 3,Carlo,Assist,4,0
08-27-26,3,Brandon-Carlo-Juanma,Javis-Omeed-Ryan,Brandon,Miss 2,,,4,0
08-27-26,3,Brandon-Carlo-Juanma,Javis-Omeed-Ryan,Juanma,Offensive Rebound,,,4,0
08-27-26,3,Brandon-Carlo-Juanma,Javis-Omeed-Ryan,Carlo,Miss 3,,,4,0
08-27-26,3,Brandon-Carlo-Juanma,Javis-Omeed-Ryan,Ryan,Made 2,,,4,1
08-27-26,3,Brandon-Carlo-Juanma,Javis-Omeed-Ryan,Omeed,Miss 3,,,4,1
08-27-26,3,Brandon-Carlo-Juanma,Javis-Omeed-Ryan,Brandon,Made 2,Juanma,Assist,5,1
08-27-26,3,Brandon-Carlo-Juanma,Javis-Omeed-Ryan,Brandon,Miss 3,,,5,1
08-27-26,3,Brandon-Carlo-Juanma,Javis-Omeed-Ryan,Omeed,Miss 2,,,5,1
08-27-26,3,Brandon-Carlo-Juanma,Javis-Omeed-Ryan,Carlo,Defensive Rebound,,,5,1
08-27-26,3,Brandon-Carlo-Juanma,Javis-Omeed-Ryan,Brandon,Turnover,Javis,Steal,5,1
08-27-26,3,Brandon-Carlo-Juanma,Javis-Omeed-Ryan,Omeed,Miss 3,,,5,1
08-27-26,3,Brandon-Carlo-Juanma,Javis-Omeed-Ryan,Ryan,Offensive Rebound,,,5,1
08-27-26,3,Brandon-Carlo-Juanma,Javis-Omeed-Ryan,Ryan,Miss 3,,,5,1
08-27-26,3,Brandon-Carlo-Juanma,Javis-Omeed-Ryan,Carlo,Defensive Rebound,,,5,1
08-27-26,3,Brandon-Carlo-Juanma,Javis-Omeed-Ryan,Carlo,Miss 2,,,5,1
08-27-26,3,Brandon-Carlo-Juanma,Javis-Omeed-Ryan,Ryan,Defensive Rebound,,,5,1
08-27-26,3,Brandon-Carlo-Juanma,Javis-Omeed-Ryan,Javis,Made 2,Omeed,Assist,5,2
08-27-26,3,Brandon-Carlo-Juanma,Javis-Omeed-Ryan,Javis,Miss 2,,,5,2
08-27-26,3,Brandon-Carlo-Juanma,Javis-Omeed-Ryan,Carlo,Defensive Rebound,,,5,2
08-27-26,3,Brandon-Carlo-Juanma,Javis-Omeed-Ryan,Juanma,Miss 2,,,5,2
08-27-26,3,Brandon-Carlo-Juanma,Javis-Omeed-Ryan,Omeed,Defensive Rebound,,,5,2
08-27-26,3,Brandon-Carlo-Juanma,Javis-Omeed-Ryan,Omeed,Miss 3,,,5,2
08-27-26,3,Brandon-Carlo-Juanma,Javis-Omeed-Ryan,Javis,Offensive Rebound,,,5,2
08-27-26,3,Brandon-Carlo-Juanma,Javis-Omeed-Ryan,Omeed,Miss 3,,,5,2
08-27-26,3,Brandon-Carlo-Juanma,Javis-Omeed-Ryan,Carlo,Miss 2,,,5,2
08-27-26,3,Brandon-Carlo-Juanma,Javis-Omeed-Ryan,Carlo,Offensive Rebound,,,5,2
08-27-26,3,Brandon-Carlo-Juanma,Javis-Omeed-Ryan,Carlo,Miss 2,,,5,2
08-27-26,3,Brandon-Carlo-Juanma,Javis-Omeed-Ryan,Brandon,Offensive Rebound,,,5,2
08-27-26,3,Brandon-Carlo-Juanma,Javis-Omeed-Ryan,Brandon,Miss 2,,,5,2
08-27-26,3,Brandon-Carlo-Juanma,Javis-Omeed-Ryan,Carlo,Offensive Rebound,,,5,2
08-27-26,3,Brandon-Carlo-Juanma,Javis-Omeed-Ryan,Carlo,Miss 2,,,5,2
08-27-26,3,Brandon-Carlo-Juanma,Javis-Omeed-Ryan,Carlo,Offensive Rebound,,,5,2
08-27-26,3,Brandon-Carlo-Juanma,Javis-Omeed-Ryan,Brandon,Made 2,Carlo,Assist,6,2
08-27-26,3,Brandon-Carlo-Juanma,Javis-Omeed-Ryan,Brandon,Miss 2,,,6,2
08-27-26,3,Brandon-Carlo-Juanma,Javis-Omeed-Ryan,Brandon,Offensive Rebound,,,6,2
08-27-26,3,Brandon-Carlo-Juanma,Javis-Omeed-Ryan,Juanma,Miss 3,,,6,2
08-27-26,3,Brandon-Carlo-Juanma,Javis-Omeed-Ryan,Juanma,Miss 2,,,6,2
08-27-26,3,Brandon-Carlo-Juanma,Javis-Omeed-Ryan,Javis,Defensive Rebound,,,6,2
08-27-26,3,Brandon-Carlo-Juanma,Javis-Omeed-Ryan,Javis,Made 3,Omeed,Assist,6,4
08-27-26,3,Brandon-Carlo-Juanma,Javis-Omeed-Ryan,Ryan,Made 2,,,6,5
08-27-26,3,Brandon-Carlo-Juanma,Javis-Omeed-Ryan,Omeed,Turnover,,,6,5
08-27-26,3,Brandon-Carlo-Juanma,Javis-Omeed-Ryan,Juanma,Turnover,,,6,5
08-27-26,3,Brandon-Carlo-Juanma,Javis-Omeed-Ryan,Omeed,Miss 3,,,6,5
08-27-26,3,Brandon-Carlo-Juanma,Javis-Omeed-Ryan,Carlo,Defensive Rebound,,,6,5
08-27-26,3,Brandon-Carlo-Juanma,Javis-Omeed-Ryan,Brandon,Turnover,Omeed,Steal,6,5
08-27-26,3,Brandon-Carlo-Juanma,Javis-Omeed-Ryan,Omeed,Miss 3,,,6,5
08-27-26,3,Brandon-Carlo-Juanma,Javis-Omeed-Ryan,Carlo,Defensive Rebound,,,6,5
08-27-26,3,Brandon-Carlo-Juanma,Javis-Omeed-Ryan,Juanma,Miss 3,,,6,5
08-27-26,3,Brandon-Carlo-Juanma,Javis-Omeed-Ryan,Ryan,Defensive Rebound,,,6,5
08-27-26,3,Brandon-Carlo-Juanma,Javis-Omeed-Ryan,Javis,Miss 3,,,6,5
08-27-26,3,Brandon-Carlo-Juanma,Javis-Omeed-Ryan,Brandon,Defensive Rebound,,,6,5
08-27-26,3,Brandon-Carlo-Juanma,Javis-Omeed-Ryan,Carlo,Miss 2,,,6,5
08-27-26,3,Brandon-Carlo-Juanma,Javis-Omeed-Ryan,Ryan,Defensive Rebound,,,6,5
08-27-26,3,Brandon-Carlo-Juanma,Javis-Omeed-Ryan,Ryan,Miss 2,,,6,5
08-27-26,3,Brandon-Carlo-Juanma,Javis-Omeed-Ryan,Brandon,Defensive Rebound,,,6,5
08-27-26,3,Brandon-Carlo-Juanma,Javis-Omeed-Ryan,Juanma,Made 2,Brandon,Assist,7,5
08-27-26,3,Brandon-Carlo-Juanma,Javis-Omeed-Ryan,,Team A Win,,,7,5
08-27-26,4,Ari-Carlo-Juanma,Javis-Jean-Omeed,Carlo,Made 3,,,2,0
08-27-26,4,Ari-Carlo-Juanma,Javis-Jean-Omeed,Carlo,Miss 3,,,2,2
08-27-26,4,Ari-Carlo-Juanma,Javis-Jean-Omeed,Omeed,Defensive Rebound,,,2,2
08-27-26,4,Ari-Carlo-Juanma,Javis-Jean-Omeed,Jean,Made 2,Omeed,Assist,2,1
08-27-26,4,Ari-Carlo-Juanma,Javis-Jean-Omeed,Jean,Made 2,Omeed,Assist,2,2
08-27-26,4,Ari-Carlo-Juanma,Javis-Jean-Omeed,Jean,Miss 3,,,2,2
08-27-26,4,Ari-Carlo-Juanma,Javis-Jean-Omeed,Juanma,Defensive Rebound,,,2,2
08-27-26,4,Ari-Carlo-Juanma,Javis-Jean-Omeed,Carlo,Made 3,Ari,Assist,4,2
08-27-26,4,Ari-Carlo-Juanma,Javis-Jean-Omeed,Carlo,Miss 3,,,4,2
08-27-26,4,Ari-Carlo-Juanma,Javis-Jean-Omeed,Jean,Defensive Rebound,,,4,2
08-27-26,4,Ari-Carlo-Juanma,Javis-Jean-Omeed,Omeed,Made 2,,,4,3
08-27-26,4,Ari-Carlo-Juanma,Javis-Jean-Omeed,Javis,Miss 2,,,4,3
08-27-26,4,Ari-Carlo-Juanma,Javis-Jean-Omeed,Omeed,Offensive Rebound,,,4,3
08-27-26,4,Ari-Carlo-Juanma,Javis-Jean-Omeed,Omeed,Miss 2,,,4,3
08-27-26,4,Ari-Carlo-Juanma,Javis-Jean-Omeed,Ari,Defensive Rebound,,,4,3
08-27-26,4,Ari-Carlo-Juanma,Javis-Jean-Omeed,Carlo,Miss 2,,,4,3
08-27-26,4,Ari-Carlo-Juanma,Javis-Jean-Omeed,Jean,Defensive Rebound,,,4,3
08-27-26,4,Ari-Carlo-Juanma,Javis-Jean-Omeed,Omeed,Miss 3,,,4,3
08-27-26,4,Ari-Carlo-Juanma,Javis-Jean-Omeed,Carlo,Defensive Rebound,,,4,3
08-27-26,4,Ari-Carlo-Juanma,Javis-Jean-Omeed,Carlo,Made 2,,,5,3
08-27-26,4,Ari-Carlo-Juanma,Javis-Jean-Omeed,Ari,Made 3,Carlo,Assist,7,3
08-27-26,4,Ari-Carlo-Juanma,Javis-Jean-Omeed,,Team A Win,,,7,3
08-27-26,5,Ari-Brandon-Ryan,Javis-Jean-Omeed,Brandon,Miss 3,,,0,0
08-27-26,5,Ari-Brandon-Ryan,Javis-Jean-Omeed,Javis,Miss 2,,,0,0
08-27-26,5,Ari-Brandon-Ryan,Javis-Jean-Omeed,Ari,Defensive Rebound,,,0,0
08-27-26,5,Ari-Brandon-Ryan,Javis-Jean-Omeed,Brandon,Miss 2,,,0,0
08-27-26,5,Ari-Brandon-Ryan,Javis-Jean-Omeed,Omeed,Miss 3,,,0,0
08-27-26,5,Ari-Brandon-Ryan,Javis-Jean-Omeed,Brandon,Defensive Rebound,,,0,0
08-27-26,5,Ari-Brandon-Ryan,Javis-Jean-Omeed,Brandon,Miss 3,,,0,0
08-27-26,5,Ari-Brandon-Ryan,Javis-Jean-Omeed,Ari,Offensive Rebound,,,0,0
08-27-26,5,Ari-Brandon-Ryan,Javis-Jean-Omeed,Ari,Miss 2,,,0,0
08-27-26,5,Ari-Brandon-Ryan,Javis-Jean-Omeed,Jean,Defensive Rebound,,,0,0
08-27-26,5,Ari-Brandon-Ryan,Javis-Jean-Omeed,Jean,Miss 3,,,0,0
08-27-26,5,Ari-Brandon-Ryan,Javis-Jean-Omeed,Ryan,Defensive Rebound,,,0,0
08-27-26,5,Ari-Brandon-Ryan,Javis-Jean-Omeed,Ryan,Made 3,,,2,0
08-27-26,5,Ari-Brandon-Ryan,Javis-Jean-Omeed,Brandon,Miss 2,,,2,0
08-27-26,5,Ari-Brandon-Ryan,Javis-Jean-Omeed,Brandon,Offensive Rebound,,,2,0
08-27-26,5,Ari-Brandon-Ryan,Javis-Jean-Omeed,Ari,Miss 2,,,2,0
08-27-26,5,Ari-Brandon-Ryan,Javis-Jean-Omeed,Jean,Defensive Rebound,,,2,0
08-27-26,5,Ari-Brandon-Ryan,Javis-Jean-Omeed,Jean,Turnover,Brandon,Steal,2,0
08-27-26,5,Ari-Brandon-Ryan,Javis-Jean-Omeed,Brandon,Miss 2,,,2,0
08-27-26,5,Ari-Brandon-Ryan,Javis-Jean-Omeed,Jean,Defensive Rebound,,,2,0
08-27-26,5,Ari-Brandon-Ryan,Javis-Jean-Omeed,Omeed,Miss 2,,,2,0
08-27-26,5,Ari-Brandon-Ryan,Javis-Jean-Omeed,Ari,Defensive Rebound,,,2,0
08-27-26,5,Ari-Brandon-Ryan,Javis-Jean-Omeed,Ryan,Miss 3,,,2,0
08-27-26,5,Ari-Brandon-Ryan,Javis-Jean-Omeed,Jean,Defensive Rebound,,,2,0
08-27-26,5,Ari-Brandon-Ryan,Javis-Jean-Omeed,Jean,Miss 3,,,2,0
08-27-26,5,Ari-Brandon-Ryan,Javis-Jean-Omeed,Ryan,Defensive Rebound,,,2,0
08-27-26,5,Ari-Brandon-Ryan,Javis-Jean-Omeed,Ryan,Turnover,Jean,Steal,2,0
08-27-26,5,Ari-Brandon-Ryan,Javis-Jean-Omeed,Omeed,Miss 2,,,2,0
08-27-26,5,Ari-Brandon-Ryan,Javis-Jean-Omeed,Ryan,Defensive Rebound,,,2,0
08-27-26,5,Ari-Brandon-Ryan,Javis-Jean-Omeed,Ari,Miss 2,,,2,0
08-27-26,5,Ari-Brandon-Ryan,Javis-Jean-Omeed,Jean,Defensive Rebound,,,2,0
08-27-26,5,Ari-Brandon-Ryan,Javis-Jean-Omeed,Jean,Miss 3,,,2,0
08-27-26,5,Ari-Brandon-Ryan,Javis-Jean-Omeed,Javis,Offensive Rebound,,,2,0
08-27-26,5,Ari-Brandon-Ryan,Javis-Jean-Omeed,Jean,Miss 2,,,2,0
08-27-26,5,Ari-Brandon-Ryan,Javis-Jean-Omeed,Brandon,Defensive Rebound,,,2,0
08-27-26,5,Ari-Brandon-Ryan,Javis-Jean-Omeed,Brandon,Miss 2,,,2,0
08-27-26,5,Ari-Brandon-Ryan,Javis-Jean-Omeed,Ari,Offensive Rebound,,,2,0
08-27-26,5,Ari-Brandon-Ryan,Javis-Jean-Omeed,Ari,Miss 3,,,2,0
08-27-26,5,Ari-Brandon-Ryan,Javis-Jean-Omeed,Jean,Defensive Rebound,,,2,0
08-27-26,5,Ari-Brandon-Ryan,Javis-Jean-Omeed,Omeed,Miss 3,,,2,0
08-27-26,5,Ari-Brandon-Ryan,Javis-Jean-Omeed,Ryan,Defensive Rebound,,,2,0
08-27-26,5,Ari-Brandon-Ryan,Javis-Jean-Omeed,Ari,Miss 2,,,2,0
08-27-26,5,Ari-Brandon-Ryan,Javis-Jean-Omeed,Omeed,Defensive Rebound,,,2,0
08-27-26,5,Ari-Brandon-Ryan,Javis-Jean-Omeed,Omeed,Miss 2,,,2,0
08-27-26,5,Ari-Brandon-Ryan,Javis-Jean-Omeed,Ryan,Miss 2,,,2,0
08-27-26,5,Ari-Brandon-Ryan,Javis-Jean-Omeed,Javis,Defensive Rebound,,,2,0
08-27-26,5,Ari-Brandon-Ryan,Javis-Jean-Omeed,Jean,Miss 2,,,2,0
08-27-26,5,Ari-Brandon-Ryan,Javis-Jean-Omeed,Omeed,Offensive Rebound,,,2,0
08-27-26,5,Ari-Brandon-Ryan,Javis-Jean-Omeed,Omeed,Miss 2,,,2,0
08-27-26,5,Ari-Brandon-Ryan,Javis-Jean-Omeed,Ari,Defensive Rebound,,,2,0
08-27-26,5,Ari-Brandon-Ryan,Javis-Jean-Omeed,Ari,Miss 2,,,2,0
08-27-26,5,Ari-Brandon-Ryan,Javis-Jean-Omeed,Javis,Defensive Rebound,,,2,0
08-27-26,5,Ari-Brandon-Ryan,Javis-Jean-Omeed,Javis,Made 2,Jean,Assist,2,1
08-27-26,5,Ari-Brandon-Ryan,Javis-Jean-Omeed,Javis,Miss 2,,,2,1
08-27-26,5,Ari-Brandon-Ryan,Javis-Jean-Omeed,Jean,Offensive Rebound,,,2,1
08-27-26,5,Ari-Brandon-Ryan,Javis-Jean-Omeed,Jean,Miss 2,,,2,1
08-27-26,5,Ari-Brandon-Ryan,Javis-Jean-Omeed,Brandon,Defensive Rebound,,,2,1
08-27-26,5,Ari-Brandon-Ryan,Javis-Jean-Omeed,Brandon,Miss 2,,,2,1
08-27-26,5,Ari-Brandon-Ryan,Javis-Jean-Omeed,Brandon,Offensive Rebound,,,2,1
08-27-26,5,Ari-Brandon-Ryan,Javis-Jean-Omeed,Brandon,Made 2,,,3,1
08-27-26,5,Ari-Brandon-Ryan,Javis-Jean-Omeed,Ari,Miss 2,,,3,1
08-27-26,5,Ari-Brandon-Ryan,Javis-Jean-Omeed,Jean,Defensive Rebound,,,3,1
08-27-26,5,Ari-Brandon-Ryan,Javis-Jean-Omeed,Javis,Miss 3,,,3,1
08-27-26,5,Ari-Brandon-Ryan,Javis-Jean-Omeed,Ryan,Defensive Rebound,,,3,1
08-27-26,5,Ari-Brandon-Ryan,Javis-Jean-Omeed,Ari,Miss 2,,,3,1
08-27-26,5,Ari-Brandon-Ryan,Javis-Jean-Omeed,Jean,Defensive Rebound,,,3,1
08-27-26,5,Ari-Brandon-Ryan,Javis-Jean-Omeed,Javis,Made 2,Jean,Assist,3,2
08-27-26,5,Ari-Brandon-Ryan,Javis-Jean-Omeed,Jean,Miss 3,,,3,2
08-27-26,5,Ari-Brandon-Ryan,Javis-Jean-Omeed,Ari,Defensive Rebound,,,3,2
08-27-26,5,Ari-Brandon-Ryan,Javis-Jean-Omeed,Ari,Made 3,,,5,2
08-27-26,5,Ari-Brandon-Ryan,Javis-Jean-Omeed,,Team A Win,,,5,2
08-27-26,6,Ari-Brandon-Carlo,Jean-Juanma-Omeed,Brandon,Miss 2,,,0,0
08-27-26,6,Ari-Brandon-Carlo,Jean-Juanma-Omeed,Jean,Defensive Rebound,,,0,0
08-27-26,6,Ari-Brandon-Carlo,Jean-Juanma-Omeed,Juanma,Miss 3,,,0,0
08-27-26,6,Ari-Brandon-Carlo,Jean-Juanma-Omeed,Ari,Defensive Rebound,,,0,0
08-27-26,6,Ari-Brandon-Carlo,Jean-Juanma-Omeed,Carlo,Miss 3,,,0,0
08-27-26,6,Ari-Brandon-Carlo,Jean-Juanma-Omeed,Jean,Defensive Rebound,,,0,0
08-27-26,6,Ari-Brandon-Carlo,Jean-Juanma-Omeed,Omeed,Miss 2,,,0,0
08-27-26,6,Ari-Brandon-Carlo,Jean-Juanma-Omeed,Carlo,Defensive Rebound,,,0,0
08-27-26,6,Ari-Brandon-Carlo,Jean-Juanma-Omeed,Brandon,Made 2,Ari,Assist,1,0
08-27-26,6,Ari-Brandon-Carlo,Jean-Juanma-Omeed,Carlo,Miss 2,,,1,0
08-27-26,6,Ari-Brandon-Carlo,Jean-Juanma-Omeed,Omeed,Defensive Rebound,,,1,0
08-27-26,6,Ari-Brandon-Carlo,Jean-Juanma-Omeed,Omeed,Miss 3,,,1,0
08-27-26,6,Ari-Brandon-Carlo,Jean-Juanma-Omeed,Ari,Defensive Rebound,,,1,0
08-27-26,6,Ari-Brandon-Carlo,Jean-Juanma-Omeed,Brandon,Made 2,Ari,Assist,2,0
08-27-26,6,Ari-Brandon-Carlo,Jean-Juanma-Omeed,Carlo,Miss 2,,,2,0
08-27-26,6,Ari-Brandon-Carlo,Jean-Juanma-Omeed,Carlo,Offensive Rebound,,,2,0
08-27-26,6,Ari-Brandon-Carlo,Jean-Juanma-Omeed,Carlo,Miss 2,,,2,0
08-27-26,6,Ari-Brandon-Carlo,Jean-Juanma-Omeed,Jean,Defensive Rebound,,,2,0
08-27-26,6,Ari-Brandon-Carlo,Jean-Juanma-Omeed,Jean,Made 2,,,2,1
08-27-26,6,Ari-Brandon-Carlo,Jean-Juanma-Omeed,Jean,Miss 2,Carlo,Block,2,1
08-27-26,6,Ari-Brandon-Carlo,Jean-Juanma-Omeed,Jean,Offensive Rebound,,,2,1
08-27-26,6,Ari-Brandon-Carlo,Jean-Juanma-Omeed,Omeed,Miss 2,,,2,1
08-27-26,6,Ari-Brandon-Carlo,Jean-Juanma-Omeed,Omeed,Offensive Rebound,,,2,1
08-27-26,6,Ari-Brandon-Carlo,Jean-Juanma-Omeed,Omeed,Made 2,,,2,2
08-27-26,6,Ari-Brandon-Carlo,Jean-Juanma-Omeed,Juanma,Made 2,Omeed,Assist,2,3
08-27-26,6,Ari-Brandon-Carlo,Jean-Juanma-Omeed,Omeed,Made 3,Jean,Assist,2,5
08-27-26,6,Ari-Brandon-Carlo,Jean-Juanma-Omeed,Omeed,Miss 3,,,2,5
08-27-26,6,Ari-Brandon-Carlo,Jean-Juanma-Omeed,Jean,Offensive Rebound,,,2,5
08-27-26,6,Ari-Brandon-Carlo,Jean-Juanma-Omeed,Omeed,Made 2,Jean,Assist,2,6
08-27-26,6,Ari-Brandon-Carlo,Jean-Juanma-Omeed,Juanma,Miss 3,,,2,6
08-27-26,6,Ari-Brandon-Carlo,Jean-Juanma-Omeed,Brandon,Defensive Rebound,,,2,6
08-27-26,6,Ari-Brandon-Carlo,Jean-Juanma-Omeed,Brandon,Miss 3,,,2,6
08-27-26,6,Ari-Brandon-Carlo,Jean-Juanma-Omeed,Juanma,Defensive Rebound,,,2,6
08-27-26,6,Ari-Brandon-Carlo,Jean-Juanma-Omeed,Jean,Made 2,Omeed,Assist,2,7
08-27-26,6,Ari-Brandon-Carlo,Jean-Juanma-Omeed,,Team B Win,,,2,7
08-27-26,7,Brandon-Juanma-Ryan,Ari-Carlo-Javis,Ryan,Miss 2,,,0,0
08-27-26,7,Brandon-Juanma-Ryan,Ari-Carlo-Javis,Carlo,Defensive Rebound,,,0,0
08-27-26,7,Brandon-Juanma-Ryan,Ari-Carlo-Javis,Carlo,Made 3,Ari,Assist,0,2
08-27-26,7,Brandon-Juanma-Ryan,Ari-Carlo-Javis,Javis,Miss 2,Ryan,Block,0,2
08-27-26,7,Brandon-Juanma-Ryan,Ari-Carlo-Javis,Ryan,Defensive Rebound,,,0,2
08-27-26,7,Brandon-Juanma-Ryan,Ari-Carlo-Javis,Ryan,Miss 3,,,0,2
08-27-26,7,Brandon-Juanma-Ryan,Ari-Carlo-Javis,Carlo,Defensive Rebound,,,0,2
08-27-26,7,Brandon-Juanma-Ryan,Ari-Carlo-Javis,Carlo,Miss 3,,,0,2
08-27-26,7,Brandon-Juanma-Ryan,Ari-Carlo-Javis,Brandon,Miss 3,,,0,2
08-27-26,7,Brandon-Juanma-Ryan,Ari-Carlo-Javis,Javis,Defensive Rebound,,,0,2
08-27-26,7,Brandon-Juanma-Ryan,Ari-Carlo-Javis,Ari,Miss 3,,,0,2
08-27-26,7,Brandon-Juanma-Ryan,Ari-Carlo-Javis,Ryan,Made 2,Brandon,Assist,1,2
08-27-26,7,Brandon-Juanma-Ryan,Ari-Carlo-Javis,Brandon,Miss 2,,,1,2
08-27-26,7,Brandon-Juanma-Ryan,Ari-Carlo-Javis,Ryan,Offensive Rebound,,,1,2
08-27-26,7,Brandon-Juanma-Ryan,Ari-Carlo-Javis,Ryan,Miss 2,,,1,2
08-27-26,7,Brandon-Juanma-Ryan,Ari-Carlo-Javis,Brandon,Offensive Rebound,,,1,2
08-27-26,7,Brandon-Juanma-Ryan,Ari-Carlo-Javis,Juanma,Made 2,Brandon,Assist,2,2
08-27-26,7,Brandon-Juanma-Ryan,Ari-Carlo-Javis,Ryan,Made 2,Brandon,Assist,3,2
08-27-26,7,Brandon-Juanma-Ryan,Ari-Carlo-Javis,Juanma,Miss 3,,,3,2
08-27-26,7,Brandon-Juanma-Ryan,Ari-Carlo-Javis,Javis,Defensive Rebound,,,3,2
08-27-26,7,Brandon-Juanma-Ryan,Ari-Carlo-Javis,Javis,Miss 2,,,3,2
08-27-26,7,Brandon-Juanma-Ryan,Ari-Carlo-Javis,Ryan,Defensive Rebound,,,3,2
08-27-26,7,Brandon-Juanma-Ryan,Ari-Carlo-Javis,Juanma,Made 2,Ryan,Assist,4,2
08-27-26,7,Brandon-Juanma-Ryan,Ari-Carlo-Javis,Juanma,Turnover,Ari,Steal,4,2
08-27-26,7,Brandon-Juanma-Ryan,Ari-Carlo-Javis,Javis,Miss 2,,,4,2
08-27-26,7,Brandon-Juanma-Ryan,Ari-Carlo-Javis,Brandon,Defensive Rebound,,,4,2
08-27-26,7,Brandon-Juanma-Ryan,Ari-Carlo-Javis,Brandon,Miss 3,,,4,2
08-27-26,7,Brandon-Juanma-Ryan,Ari-Carlo-Javis,Carlo,Defensive Rebound,,,4,2
08-27-26,7,Brandon-Juanma-Ryan,Ari-Carlo-Javis,Carlo,Miss 2,,,4,2
08-27-26,7,Brandon-Juanma-Ryan,Ari-Carlo-Javis,Carlo,Offensive Rebound,,,4,2
08-27-26,7,Brandon-Juanma-Ryan,Ari-Carlo-Javis,Carlo,Made 2,,,4,3
08-27-26,7,Brandon-Juanma-Ryan,Ari-Carlo-Javis,Ari,Miss 2,,,4,3
08-27-26,7,Brandon-Juanma-Ryan,Ari-Carlo-Javis,Ari,Offensive Rebound,,,4,3
08-27-26,7,Brandon-Juanma-Ryan,Ari-Carlo-Javis,Ari,Made 2,,,4,4
08-27-26,7,Brandon-Juanma-Ryan,Ari-Carlo-Javis,Javis,Made 2,Ari,Assist,4,5
08-27-26,7,Brandon-Juanma-Ryan,Ari-Carlo-Javis,Ari,Turnover,,,4,5
08-27-26,7,Brandon-Juanma-Ryan,Ari-Carlo-Javis,Juanma,Miss 2,,,4,5
08-27-26,7,Brandon-Juanma-Ryan,Ari-Carlo-Javis,Carlo,Defensive Rebound,,,4,5
08-27-26,7,Brandon-Juanma-Ryan,Ari-Carlo-Javis,Carlo,Miss 3,,,4,5
08-27-26,7,Brandon-Juanma-Ryan,Ari-Carlo-Javis,Ari,Offensive Rebound,,,4,5
08-27-26,7,Brandon-Juanma-Ryan,Ari-Carlo-Javis,Ari,Made 2,,,4,6
08-27-26,7,Brandon-Juanma-Ryan,Ari-Carlo-Javis,Ari,Miss 2,,,4,6
08-27-26,7,Brandon-Juanma-Ryan,Ari-Carlo-Javis,Brandon,Defensive Rebound,,,4,6
08-27-26,7,Brandon-Juanma-Ryan,Ari-Carlo-Javis,Juanma,Turnover,Javis,Steal,4,6
08-27-26,7,Brandon-Juanma-Ryan,Ari-Carlo-Javis,Carlo,Made 2,Javis,Assist,4,7
08-27-26,7,Brandon-Juanma-Ryan,Ari-Carlo-Javis,,Team B Win,,,4,7
08-27-26,8,Brandon-Carlo-Javis-Omeed,Ari-Jean-Juanma-Ryan,Javis,Made 2,Brandon,Assist,1,0
08-27-26,8,Brandon-Carlo-Javis-Omeed,Ari-Jean-Juanma-Ryan,Omeed,Miss 2,,,1,0
08-27-26,8,Brandon-Carlo-Javis-Omeed,Ari-Jean-Juanma-Ryan,Brandon,Offensive Rebound,,,1,0
08-27-26,8,Brandon-Carlo-Javis-Omeed,Ari-Jean-Juanma-Ryan,Brandon,Made 2,,,2,0
08-27-26,8,Brandon-Carlo-Javis-Omeed,Ari-Jean-Juanma-Ryan,Brandon,Miss 2,,,2,0
08-27-26,8,Brandon-Carlo-Javis-Omeed,Ari-Jean-Juanma-Ryan,Omeed,Offensive Rebound,,,2,0
08-27-26,8,Brandon-Carlo-Javis-Omeed,Ari-Jean-Juanma-Ryan,Carlo,Miss 3,,,2,0
08-27-26,8,Brandon-Carlo-Javis-Omeed,Ari-Jean-Juanma-Ryan,Ryan,Miss 2,,,2,0
08-27-26,8,Brandon-Carlo-Javis-Omeed,Ari-Jean-Juanma-Ryan,Omeed,Defensive Rebound,,,2,0
08-27-26,8,Brandon-Carlo-Javis-Omeed,Ari-Jean-Juanma-Ryan,Brandon,Made 2,,,3,0
08-27-26,8,Brandon-Carlo-Javis-Omeed,Ari-Jean-Juanma-Ryan,Javis,Miss 2,,,3,0
08-27-26,8,Brandon-Carlo-Javis-Omeed,Ari-Jean-Juanma-Ryan,Jean,Defensive Rebound,,,3,0
08-27-26,8,Brandon-Carlo-Javis-Omeed,Ari-Jean-Juanma-Ryan,Ari,Miss 3,,,3,0
08-27-26,8,Brandon-Carlo-Javis-Omeed,Ari-Jean-Juanma-Ryan,Juanma,Offensive Rebound,,,3,0
08-27-26,8,Brandon-Carlo-Javis-Omeed,Ari-Jean-Juanma-Ryan,Ari,Miss 2,,,3,0
08-27-26,8,Brandon-Carlo-Javis-Omeed,Ari-Jean-Juanma-Ryan,Brandon,Defensive Rebound,,,3,0
08-27-26,8,Brandon-Carlo-Javis-Omeed,Ari-Jean-Juanma-Ryan,Carlo,Miss 3,,,3,0
08-27-26,8,Brandon-Carlo-Javis-Omeed,Ari-Jean-Juanma-Ryan,Jean,Miss 3,,,3,0
08-27-26,8,Brandon-Carlo-Javis-Omeed,Ari-Jean-Juanma-Ryan,Javis,Defensive Rebound,,,3,0
08-27-26,8,Brandon-Carlo-Javis-Omeed,Ari-Jean-Juanma-Ryan,Omeed,Turnover,,,3,0
08-27-26,8,Brandon-Carlo-Javis-Omeed,Ari-Jean-Juanma-Ryan,Juanma,Miss 2,,,3,0
08-27-26,8,Brandon-Carlo-Javis-Omeed,Ari-Jean-Juanma-Ryan,Brandon,Defensive Rebound,,,3,0
08-27-26,8,Brandon-Carlo-Javis-Omeed,Ari-Jean-Juanma-Ryan,Brandon,Miss 2,,,3,0
08-27-26,8,Brandon-Carlo-Javis-Omeed,Ari-Jean-Juanma-Ryan,Ryan,Miss 2,,,3,0
08-27-26,8,Brandon-Carlo-Javis-Omeed,Ari-Jean-Juanma-Ryan,Javis,Defensive Rebound,,,3,0
08-27-26,8,Brandon-Carlo-Javis-Omeed,Ari-Jean-Juanma-Ryan,Carlo,Miss 3,,,3,0
08-27-26,8,Brandon-Carlo-Javis-Omeed,Ari-Jean-Juanma-Ryan,Ari,Defensive Rebound,,,3,0
08-27-26,8,Brandon-Carlo-Javis-Omeed,Ari-Jean-Juanma-Ryan,Ari,Miss 3,,,3,0
08-27-26,8,Brandon-Carlo-Javis-Omeed,Ari-Jean-Juanma-Ryan,Jean,Offensive Rebound,,,3,0
08-27-26,8,Brandon-Carlo-Javis-Omeed,Ari-Jean-Juanma-Ryan,Ryan,Miss 2,,,3,0
08-27-26,8,Brandon-Carlo-Javis-Omeed,Ari-Jean-Juanma-Ryan,Javis,Defensive Rebound,,,3,0
08-27-26,8,Brandon-Carlo-Javis-Omeed,Ari-Jean-Juanma-Ryan,Javis,Turnover,,,3,0
08-27-26,8,Brandon-Carlo-Javis-Omeed,Ari-Jean-Juanma-Ryan,Jean,Miss 3,,,3,0
08-27-26,8,Brandon-Carlo-Javis-Omeed,Ari-Jean-Juanma-Ryan,Omeed,Defensive Rebound,,,3,0
08-27-26,8,Brandon-Carlo-Javis-Omeed,Ari-Jean-Juanma-Ryan,Brandon,Made 2,Carlo,Assist,4,0
08-27-26,8,Brandon-Carlo-Javis-Omeed,Ari-Jean-Juanma-Ryan,Omeed,Miss 3,,,4,0
08-27-26,8,Brandon-Carlo-Javis-Omeed,Ari-Jean-Juanma-Ryan,Ari,Made 3,Juanma,Assist,4,2
08-27-26,8,Brandon-Carlo-Javis-Omeed,Ari-Jean-Juanma-Ryan,Juanma,Made 2,Ryan,Assist,4,3
08-27-26,8,Brandon-Carlo-Javis-Omeed,Ari-Jean-Juanma-Ryan,Ryan,Miss 3,,,4,3
08-27-26,8,Brandon-Carlo-Javis-Omeed,Ari-Jean-Juanma-Ryan,Carlo,Made 3,,,6,3
08-27-26,8,Brandon-Carlo-Javis-Omeed,Ari-Jean-Juanma-Ryan,Brandon,Miss 2,,,6,3
08-27-26,8,Brandon-Carlo-Javis-Omeed,Ari-Jean-Juanma-Ryan,Jean,Defensive Rebound,,,6,3
08-27-26,8,Brandon-Carlo-Javis-Omeed,Ari-Jean-Juanma-Ryan,Ari,Made 2,Juanma,Assist,6,4
08-27-26,8,Brandon-Carlo-Javis-Omeed,Ari-Jean-Juanma-Ryan,Ari,Miss 3,,,6,4
08-27-26,8,Brandon-Carlo-Javis-Omeed,Ari-Jean-Juanma-Ryan,Carlo,Defensive Rebound,,,6,4
08-27-26,8,Brandon-Carlo-Javis-Omeed,Ari-Jean-Juanma-Ryan,Javis,Miss 2,,,6,4
08-27-26,8,Brandon-Carlo-Javis-Omeed,Ari-Jean-Juanma-Ryan,Brandon,Offensive Rebound,,,6,4
08-27-26,8,Brandon-Carlo-Javis-Omeed,Ari-Jean-Juanma-Ryan,Brandon,Made 2,,,7,4
08-27-26,8,Brandon-Carlo-Javis-Omeed,Ari-Jean-Juanma-Ryan,Javis,Turnover,Ryan,Steal,7,4
08-27-26,8,Brandon-Carlo-Javis-Omeed,Ari-Jean-Juanma-Ryan,Jean,Miss 2,,,7,4
08-27-26,8,Brandon-Carlo-Javis-Omeed,Ari-Jean-Juanma-Ryan,Javis,Defensive Rebound,,,7,4
08-27-26,8,Brandon-Carlo-Javis-Omeed,Ari-Jean-Juanma-Ryan,Omeed,Miss 3,,,7,4
08-27-26,8,Brandon-Carlo-Javis-Omeed,Ari-Jean-Juanma-Ryan,Carlo,Offensive Rebound,,,7,4
08-27-26,8,Brandon-Carlo-Javis-Omeed,Ari-Jean-Juanma-Ryan,Carlo,Miss 3,,,7,4
08-27-26,8,Brandon-Carlo-Javis-Omeed,Ari-Jean-Juanma-Ryan,Ari,Defensive Rebound,,,7,4
08-27-26,8,Brandon-Carlo-Javis-Omeed,Ari-Jean-Juanma-Ryan,Ari,Miss 3,,,7,4
08-27-26,8,Brandon-Carlo-Javis-Omeed,Ari-Jean-Juanma-Ryan,Brandon,Defensive Rebound,,,7,4
08-27-26,8,Brandon-Carlo-Javis-Omeed,Ari-Jean-Juanma-Ryan,Carlo,Miss 2,,,7,4
08-27-26,8,Brandon-Carlo-Javis-Omeed,Ari-Jean-Juanma-Ryan,Jean,Defensive Rebound,,,7,4
08-27-26,8,Brandon-Carlo-Javis-Omeed,Ari-Jean-Juanma-Ryan,Jean,Miss 2,Carlo,Block,7,4
08-27-26,8,Brandon-Carlo-Javis-Omeed,Ari-Jean-Juanma-Ryan,Brandon,Defensive Rebound,,,7,4
08-27-26,8,Brandon-Carlo-Javis-Omeed,Ari-Jean-Juanma-Ryan,Brandon,Miss 2,,,7,4
08-27-26,8,Brandon-Carlo-Javis-Omeed,Ari-Jean-Juanma-Ryan,Jean,Defensive Rebound,,,7,4
08-27-26,8,Brandon-Carlo-Javis-Omeed,Ari-Jean-Juanma-Ryan,Jean,Turnover,,,7,4
08-27-26,8,Brandon-Carlo-Javis-Omeed,Ari-Jean-Juanma-Ryan,Carlo,Made 3,Brandon,Assist,9,4
08-27-26,8,Brandon-Carlo-Javis-Omeed,Ari-Jean-Juanma-Ryan,Carlo,Miss 3,,,9,4
08-27-26,8,Brandon-Carlo-Javis-Omeed,Ari-Jean-Juanma-Ryan,Ari,Defensive Rebound,,,9,4
08-27-26,8,Brandon-Carlo-Javis-Omeed,Ari-Jean-Juanma-Ryan,Ari,Miss 3,,,9,4
08-27-26,8,Brandon-Carlo-Javis-Omeed,Ari-Jean-Juanma-Ryan,Brandon,Defensive Rebound,,,9,4
08-27-26,8,Brandon-Carlo-Javis-Omeed,Ari-Jean-Juanma-Ryan,Brandon,Miss 3,,,9,4
08-27-26,8,Brandon-Carlo-Javis-Omeed,Ari-Jean-Juanma-Ryan,Jean,Defensive Rebound,,,9,4
08-27-26,8,Brandon-Carlo-Javis-Omeed,Ari-Jean-Juanma-Ryan,Ari ,Miss 2,Javis,Block,9,4
08-27-26,8,Brandon-Carlo-Javis-Omeed,Ari-Jean-Juanma-Ryan,Ari,Miss 3,,,9,4
08-27-26,8,Brandon-Carlo-Javis-Omeed,Ari-Jean-Juanma-Ryan,Omeed,Defensive Rebound,,,9,4
08-27-26,8,Brandon-Carlo-Javis-Omeed,Ari-Jean-Juanma-Ryan,Omeed,Made 2,Carlo,Assist,10,4
08-27-26,8,Brandon-Carlo-Javis-Omeed,Ari-Jean-Juanma-Ryan,Omeed,Miss 3,,,10,4
08-27-26,8,Brandon-Carlo-Javis-Omeed,Ari-Jean-Juanma-Ryan,Ari,Defensive Rebound,,,10,4
08-27-26,8,Brandon-Carlo-Javis-Omeed,Ari-Jean-Juanma-Ryan,Ryan,Miss 2,,,10,4
08-27-26,8,Brandon-Carlo-Javis-Omeed,Ari-Jean-Juanma-Ryan,Carlo,Defensive Rebound,,,10,4
08-27-26,8,Brandon-Carlo-Javis-Omeed,Ari-Jean-Juanma-Ryan,Carlo,Miss 2,,,10,4
08-27-26,8,Brandon-Carlo-Javis-Omeed,Ari-Jean-Juanma-Ryan,Jean,Defensive Rebound,,,10,4
08-27-26,8,Brandon-Carlo-Javis-Omeed,Ari-Jean-Juanma-Ryan,Ari,Miss 2,,,10,4
08-27-26,8,Brandon-Carlo-Javis-Omeed,Ari-Jean-Juanma-Ryan,Carlo,Defensive Rebound,,,10,4
08-27-26,8,Brandon-Carlo-Javis-Omeed,Ari-Jean-Juanma-Ryan,Carlo,Miss 3,,,10,4
08-27-26,8,Brandon-Carlo-Javis-Omeed,Ari-Jean-Juanma-Ryan,Juanma,Defensive Rebound,,,10,4
08-27-26,8,Brandon-Carlo-Javis-Omeed,Ari-Jean-Juanma-Ryan,Jean,Made 2,Juanma,Assist,10,5
08-27-26,8,Brandon-Carlo-Javis-Omeed,Ari-Jean-Juanma-Ryan,Ari,Made 3,Ryan,Assist,10,7
08-27-26,8,Brandon-Carlo-Javis-Omeed,Ari-Jean-Juanma-Ryan,Juanma,Made 2,,,10,8
08-27-26,8,Brandon-Carlo-Javis-Omeed,Ari-Jean-Juanma-Ryan,Ari,Miss 3,,,10,8
08-27-26,8,Brandon-Carlo-Javis-Omeed,Ari-Jean-Juanma-Ryan,Carlo,Defensive Rebound,,,10,8
08-27-26,8,Brandon-Carlo-Javis-Omeed,Ari-Jean-Juanma-Ryan,Ari,Miss 2,,,10,8
08-27-26,8,Brandon-Carlo-Javis-Omeed,Ari-Jean-Juanma-Ryan,Omeed,Defensive Rebound,,,10,8
08-27-26,8,Brandon-Carlo-Javis-Omeed,Ari-Jean-Juanma-Ryan,Javis,Made 2,Omeed,Assist,11,8
08-27-26,8,Brandon-Carlo-Javis-Omeed,Ari-Jean-Juanma-Ryan,Omeed,Made 3,,,13,8
08-27-26,8,Brandon-Carlo-Javis-Omeed,Ari-Jean-Juanma-Ryan,,Team A Win,,,13,8
